[   0.000000] INFO  sched: task=ctrl_loop prio=2 dispatch cycle=0
[   0.000000] DEBUG wdt: fed count=0
0 ms  INFO net: frame seq=0 len=229 crc=OK
[   0.000019] INFO  sched: task=sensor_poll prio=3 dispatch cycle=0
[   0.000889] INFO  sched: task=telemetry prio=1 dispatch cycle=0
[   0.000894] INFO  sched: task=sensor_poll prio=3 complete exec_us=875
[   0.002761] INFO  sched: task=ctrl_loop prio=2 complete exec_us=2761
[   0.009777] INFO  sched: task=sensor_poll prio=3 dispatch cycle=1
[   0.010526] INFO  sched: task=sensor_poll prio=3 complete exec_us=749
[   0.019998] INFO  sched: task=ctrl_loop prio=2 dispatch cycle=1
[   0.020380] INFO  sched: task=sensor_poll prio=3 dispatch cycle=2
[   0.021189] INFO  sched: task=sensor_poll prio=3 complete exec_us=809
[   0.022304] INFO  sched: task=ctrl_loop prio=2 complete exec_us=2306
25 ms  INFO net: frame seq=1 len=144 crc=OK
[   0.030065] INFO  sched: task=sensor_poll prio=3 dispatch cycle=3
[   0.031062] INFO  sched: task=sensor_poll prio=3 complete exec_us=997
[   0.039117] INFO  sched: task=telemetry prio=1 complete exec_us=38228
[   0.039675] INFO  sched: task=ctrl_loop prio=2 dispatch cycle=2
[   0.040118] INFO  sched: task=sensor_poll prio=3 dispatch cycle=4
[   0.040859] INFO  sched: task=sensor_poll prio=3 complete exec_us=742
[   0.042516] INFO  sched: task=ctrl_loop prio=2 complete exec_us=2841
[   0.050000] DEBUG wdt: fed count=1
50 ms  INFO net: frame seq=2 len=164 crc=OK
[   0.050166] INFO  sched: task=sensor_poll prio=3 dispatch cycle=5
[   0.051035] INFO  sched: task=sensor_poll prio=3 complete exec_us=869
[   0.059675] INFO  sched: task=sensor_poll prio=3 dispatch cycle=6
[   0.060203] INFO  sched: task=ctrl_loop prio=2 dispatch cycle=3
[   0.060460] INFO  sched: task=sensor_poll prio=3 complete exec_us=786
[   0.063023] INFO  sched: task=ctrl_loop prio=2 complete exec_us=2820
[   0.070310] INFO  sched: task=sensor_poll prio=3 dispatch cycle=7
[   0.071150] INFO  sched: task=sensor_poll prio=3 complete exec_us=840
75 ms  INFO net: frame seq=3 len=72 crc=OK
[   0.079984] INFO  sched: task=sensor_poll prio=3 dispatch cycle=8
[   0.080021] INFO  sched: task=ctrl_loop prio=2 dispatch cycle=4
[   0.080798] INFO  sched: task=sensor_poll prio=3 complete exec_us=814
[   0.082651] INFO  sched: task=ctrl_loop prio=2 complete exec_us=2630
[   0.089686] INFO  sched: task=sensor_poll prio=3 dispatch cycle=9
[   0.090502] INFO  sched: task=sensor_poll prio=3 complete exec_us=816
[   0.099484] INFO  sched: task=telemetry prio=1 dispatch cycle=1
[   0.099899] INFO  sched: task=sensor_poll prio=3 dispatch cycle=10
[   0.100000] DEBUG wdt: fed count=2
100 ms  INFO net: frame seq=4 len=178 crc=OK
[   0.100205] INFO  sched: task=ctrl_loop prio=2 dispatch cycle=5
[   0.100567] INFO  sched: task=sensor_poll prio=3 complete exec_us=668
[   0.102681] INFO  sched: task=ctrl_loop prio=2 complete exec_us=2476
[   0.105200] INFO  sched: task=telemetry prio=1 complete exec_us=5716
[   0.110068] INFO  sched: task=sensor_poll prio=3 dispatch cycle=11
[   0.110806] INFO  sched: task=sensor_poll prio=3 complete exec_us=738
[   0.120066] INFO  sched: task=sensor_poll prio=3 dispatch cycle=12
[   0.120283] INFO  sched: task=ctrl_loop prio=2 dispatch cycle=6
[   0.120847] INFO  sched: task=sensor_poll prio=3 complete exec_us=781
[   0.122717] INFO  sched: task=ctrl_loop prio=2 complete exec_us=2433
125 ms  INFO net: frame seq=5 len=215 crc=OK
[   0.130107] INFO  sched: task=sensor_poll prio=3 dispatch cycle=13
[   0.131059] INFO  sched: task=sensor_poll prio=3 complete exec_us=952
[   0.139794] INFO  sched: task=ctrl_loop prio=2 dispatch cycle=7
[   0.139882] INFO  sched: task=sensor_poll prio=3 dispatch cycle=14
[   0.140645] INFO  sched: task=sensor_poll prio=3 complete exec_us=764
[   0.142630] INFO  sched: task=ctrl_loop prio=2 complete exec_us=2836
[   0.149860] INFO  sched: task=sensor_poll prio=3 dispatch cycle=15
150 ms  INFO net: frame seq=6 len=213 crc=OK
[   0.150000] DEBUG wdt: fed count=3
[   0.150697] INFO  sched: task=sensor_poll prio=3 complete exec_us=837
[   0.159626] INFO  sched: task=sensor_poll prio=3 dispatch cycle=16
[   0.159797] INFO  sched: task=ctrl_loop prio=2 dispatch cycle=8
[   0.160360] INFO  sched: task=sensor_poll prio=3 complete exec_us=734
[   0.162314] INFO  sched: task=ctrl_loop prio=2 complete exec_us=2518
[   0.170355] INFO  sched: task=sensor_poll prio=3 dispatch cycle=17
[   0.171104] INFO  sched: task=sensor_poll prio=3 complete exec_us=749
175 ms  INFO net: frame seq=7 len=98 crc=OK
[   0.179898] INFO  sched: task=ctrl_loop prio=2 dispatch cycle=9
[   0.179943] INFO  sched: task=sensor_poll prio=3 dispatch cycle=18
[   0.180712] INFO  sched: task=sensor_poll prio=3 complete exec_us=768
[   0.182241] INFO  sched: task=ctrl_loop prio=2 complete exec_us=2342
[   0.190423] INFO  sched: task=sensor_poll prio=3 dispatch cycle=19
[   0.191194] INFO  sched: task=sensor_poll prio=3 complete exec_us=771
[   0.199969] INFO  sched: task=sensor_poll prio=3 dispatch cycle=20
200 ms  INFO net: frame seq=8 len=48 crc=OK
[   0.200000] DEBUG wdt: fed count=4
[   0.200261] INFO  sched: task=ctrl_loop prio=2 dispatch cycle=10
[   0.200307] INFO  sched: task=telemetry prio=1 dispatch cycle=2
[   0.200729] INFO  sched: task=sensor_poll prio=3 complete exec_us=760
[   0.202845] INFO  sched: task=ctrl_loop prio=2 complete exec_us=2584
[   0.206356] INFO  sched: task=telemetry prio=1 complete exec_us=6049
[   0.209853] INFO  sched: task=sensor_poll prio=3 dispatch cycle=21
[   0.210631] INFO  sched: task=sensor_poll prio=3 complete exec_us=778
[   0.219967] INFO  sched: task=ctrl_loop prio=2 dispatch cycle=11
[   0.220368] INFO  sched: task=sensor_poll prio=3 dispatch cycle=22
[   0.221024] INFO  sched: task=sensor_poll prio=3 complete exec_us=656
[   0.222042] INFO  sched: task=ctrl_loop prio=2 complete exec_us=2075
225 ms  INFO net: frame seq=9 len=57 crc=OK
[   0.230064] INFO  sched: task=sensor_poll prio=3 dispatch cycle=23
[   0.230806] INFO  sched: task=sensor_poll prio=3 complete exec_us=741
[   0.239907] INFO  sched: task=sensor_poll prio=3 dispatch cycle=24
[   0.240264] INFO  sched: task=ctrl_loop prio=2 dispatch cycle=12
[   0.240806] INFO  sched: task=sensor_poll prio=3 complete exec_us=899
[   0.242911] INFO  sched: task=ctrl_loop prio=2 complete exec_us=2647
250 ms  INFO net: frame seq=10 len=132 crc=FAIL
[   0.250000] DEBUG wdt: fed count=5
[   0.250266] INFO  sched: task=sensor_poll prio=3 dispatch cycle=25
[   0.251088] INFO  sched: task=sensor_poll prio=3 complete exec_us=823
[   0.259965] INFO  sched: task=sensor_poll prio=3 dispatch cycle=26
[   0.260712] INFO  sched: task=sensor_poll prio=3 complete exec_us=747
[   0.260735] INFO  sched: task=ctrl_loop prio=2 dispatch cycle=13
[   0.262740] INFO  sched: task=ctrl_loop prio=2 complete exec_us=2005
[   0.270236] INFO  sched: task=sensor_poll prio=3 dispatch cycle=27
[   0.271027] INFO  sched: task=sensor_poll prio=3 complete exec_us=791
275 ms  INFO net: frame seq=11 len=31 crc=OK
[   0.279835] INFO  sched: task=ctrl_loop prio=2 dispatch cycle=14
[   0.279971] INFO  sched: task=sensor_poll prio=3 dispatch cycle=28
[   0.280793] INFO  sched: task=sensor_poll prio=3 complete exec_us=822
[   0.282006] INFO  sched: task=ctrl_loop prio=2 complete exec_us=2171
[   0.290130] INFO  sched: task=sensor_poll prio=3 dispatch cycle=29
[   0.290938] INFO  sched: task=sensor_poll prio=3 complete exec_us=808
[   0.299906] INFO  sched: task=ctrl_loop prio=2 dispatch cycle=15
[   0.299910] INFO  sched: task=sensor_poll prio=3 dispatch cycle=30
[   0.300000] DEBUG wdt: fed count=6
300 ms  INFO net: frame seq=12 len=255 crc=OK
[   0.300513] INFO  sched: task=telemetry prio=1 dispatch cycle=3
[   0.300688] INFO  sched: task=sensor_poll prio=3 complete exec_us=778
[   0.302428] INFO  sched: task=ctrl_loop prio=2 complete exec_us=2522
[   0.307834] INFO  sched: task=telemetry prio=1 complete exec_us=7322
[   0.310117] INFO  sched: task=sensor_poll prio=3 dispatch cycle=31
[   0.310879] INFO  sched: task=sensor_poll prio=3 complete exec_us=762
[   0.320155] INFO  sched: task=sensor_poll prio=3 dispatch cycle=32
[   0.320318] INFO  sched: task=ctrl_loop prio=2 dispatch cycle=16
[   0.320920] INFO  sched: task=sensor_poll prio=3 complete exec_us=765
[   0.322831] INFO  sched: task=ctrl_loop prio=2 complete exec_us=2513
325 ms  INFO net: frame seq=13 len=123 crc=OK
[   0.329715] INFO  sched: task=sensor_poll prio=3 dispatch cycle=33
[   0.330504] INFO  sched: task=sensor_poll prio=3 complete exec_us=789
[   0.339741] INFO  sched: task=sensor_poll prio=3 dispatch cycle=34
[   0.339952] INFO  sched: task=ctrl_loop prio=2 dispatch cycle=17
[   0.340510] INFO  sched: task=sensor_poll prio=3 complete exec_us=770
[   0.342601] INFO  sched: task=ctrl_loop prio=2 complete exec_us=2649
[   0.349788] INFO  sched: task=sensor_poll prio=3 dispatch cycle=35
[   0.350000] DEBUG wdt: fed count=7
350 ms  INFO net: frame seq=14 len=199 crc=OK
[   0.350585] INFO  sched: task=sensor_poll prio=3 complete exec_us=797
[   0.359697] INFO  sched: task=ctrl_loop prio=2 dispatch cycle=18
[   0.360013] INFO  sched: task=sensor_poll prio=3 dispatch cycle=36
[   0.360864] INFO  sched: task=sensor_poll prio=3 complete exec_us=851
[   0.362384] INFO  sched: task=ctrl_loop prio=2 complete exec_us=2687
[   0.369750] INFO  sched: task=sensor_poll prio=3 dispatch cycle=37
[   0.370540] INFO  sched: task=sensor_poll prio=3 complete exec_us=790
375 ms  INFO net: frame seq=15 len=153 crc=OK
[   0.379773] INFO  sched: task=sensor_poll prio=3 dispatch cycle=38
[   0.380143] INFO  sched: task=ctrl_loop prio=2 dispatch cycle=19
[   0.380613] INFO  sched: task=sensor_poll prio=3 complete exec_us=840
[   0.382616] INFO  sched: task=ctrl_loop prio=2 complete exec_us=2473
[   0.389789] INFO  sched: task=sensor_poll prio=3 dispatch cycle=39
[   0.390532] INFO  sched: task=sensor_poll prio=3 complete exec_us=744
[   0.395412] INFO  sched: task=telemetry prio=1 dispatch cycle=4
[   0.399844] INFO  sched: task=sensor_poll prio=3 dispatch cycle=40
[   0.400000] DEBUG wdt: fed count=8
400 ms  INFO net: frame seq=16 len=146 crc=OK
[   0.400596] INFO  sched: task=sensor_poll prio=3 complete exec_us=752
[   0.400817] INFO  sched: task=ctrl_loop prio=2 dispatch cycle=20
[   0.401355] INFO  sched: task=telemetry prio=1 complete exec_us=5943
[   0.403532] INFO  sched: task=ctrl_loop prio=2 complete exec_us=2714
[   0.409812] INFO  sched: task=sensor_poll prio=3 dispatch cycle=41
[   0.410687] INFO  sched: task=sensor_poll prio=3 complete exec_us=875
[   0.419594] INFO  sched: task=ctrl_loop prio=2 dispatch cycle=21
[   0.420070] INFO  sched: task=sensor_poll prio=3 dispatch cycle=42
[   0.420873] INFO  sched: task=sensor_poll prio=3 complete exec_us=803
425 ms  INFO net: frame seq=17 len=242 crc=OK
[   0.430148] INFO  sched: task=sensor_poll prio=3 dispatch cycle=43
[   0.430938] INFO  sched: task=sensor_poll prio=3 complete exec_us=790
[   0.439721] INFO  sched: task=ctrl_loop prio=2 dispatch cycle=22
[   0.439853] INFO  sched: task=sensor_poll prio=3 dispatch cycle=44
[   0.440624] INFO  sched: task=sensor_poll prio=3 complete exec_us=771
[   0.442466] INFO  sched: task=ctrl_loop prio=2 complete exec_us=2745
[   0.444235] INFO  sched: task=ctrl_loop prio=2 complete exec_us=24641
[   0.449926] INFO  sched: task=sensor_poll prio=3 dispatch cycle=45
[   0.450000] DEBUG wdt: fed count=9
450 ms  INFO net: frame seq=18 len=44 crc=OK
[   0.450780] INFO  sched: task=sensor_poll prio=3 complete exec_us=853
[   0.459939] INFO  sched: task=sensor_poll prio=3 dispatch cycle=46
[   0.459991] INFO  sched: task=ctrl_loop prio=2 dispatch cycle=23
[   0.460795] INFO  sched: task=sensor_poll prio=3 complete exec_us=855
[   0.462321] INFO  sched: task=ctrl_loop prio=2 complete exec_us=2330
[   0.470256] INFO  sched: task=sensor_poll prio=3 dispatch cycle=47
[   0.471069] INFO  sched: task=sensor_poll prio=3 complete exec_us=813
475 ms  INFO net: frame seq=19 len=256 crc=OK
[   0.479948] INFO  sched: task=sensor_poll prio=3 dispatch cycle=48
[   0.480001] INFO  sched: task=ctrl_loop prio=2 dispatch cycle=24
[   0.480787] INFO  sched: task=sensor_poll prio=3 complete exec_us=840
[   0.482822] INFO  sched: task=ctrl_loop prio=2 complete exec_us=2821
[   0.490009] INFO  sched: task=sensor_poll prio=3 dispatch cycle=49
[   0.490848] INFO  sched: task=sensor_poll prio=3 complete exec_us=839
[   0.498779] INFO  sched: task=telemetry prio=1 dispatch cycle=5
[   0.499970] INFO  sched: task=sensor_poll prio=3 dispatch cycle=50
[   0.500000] DEBUG wdt: fed count=10
500 ms  INFO net: frame seq=20 len=54 crc=OK
[   0.500210] INFO  sched: task=ctrl_loop prio=2 dispatch cycle=25
[   0.500744] INFO  sched: task=sensor_poll prio=3 complete exec_us=774
[   0.502865] INFO  sched: task=ctrl_loop prio=2 complete exec_us=2655
[   0.506071] INFO  sched: task=telemetry prio=1 complete exec_us=7292
[   0.509810] INFO  sched: task=sensor_poll prio=3 dispatch cycle=51
[   0.510708] INFO  sched: task=sensor_poll prio=3 complete exec_us=898
[   0.519627] INFO  sched: task=ctrl_loop prio=2 dispatch cycle=26
[   0.520075] INFO  sched: task=sensor_poll prio=3 dispatch cycle=52
[   0.520846] INFO  sched: task=sensor_poll prio=3 complete exec_us=771
[   0.522320] INFO  sched: task=ctrl_loop prio=2 complete exec_us=2693
525 ms  INFO net: frame seq=21 len=160 crc=OK
[   0.529756] INFO  sched: task=sensor_poll prio=3 dispatch cycle=53
[   0.530455] INFO  sched: task=sensor_poll prio=3 complete exec_us=699
[   0.539542] INFO  sched: task=ctrl_loop prio=2 dispatch cycle=27
[   0.540016] INFO  sched: task=sensor_poll prio=3 dispatch cycle=54
[   0.540846] INFO  sched: task=sensor_poll prio=3 complete exec_us=830
[   0.541765] INFO  sched: task=ctrl_loop prio=2 complete exec_us=2223
[   0.550000] DEBUG wdt: fed count=11
550 ms  INFO net: frame seq=22 len=107 crc=OK
[   0.550132] INFO  sched: task=sensor_poll prio=3 dispatch cycle=55
[   0.551033] INFO  sched: task=sensor_poll prio=3 complete exec_us=901
[   0.560066] INFO  sched: task=sensor_poll prio=3 dispatch cycle=56
[   0.560649] INFO  sched: task=ctrl_loop prio=2 dispatch cycle=28
[   0.560910] INFO  sched: task=sensor_poll prio=3 complete exec_us=844
[   0.562801] INFO  sched: task=ctrl_loop prio=2 complete exec_us=2152
[   0.569772] INFO  sched: task=sensor_poll prio=3 dispatch cycle=57
[   0.570488] INFO  sched: task=sensor_poll prio=3 complete exec_us=715
575 ms  INFO net: frame seq=23 len=45 crc=OK
[   0.580114] INFO  sched: task=sensor_poll prio=3 dispatch cycle=58
[   0.580168] INFO  sched: task=ctrl_loop prio=2 dispatch cycle=29
[   0.580950] INFO  sched: task=sensor_poll prio=3 complete exec_us=836
[   0.582680] INFO  sched: task=ctrl_loop prio=2 complete exec_us=2512
[   0.589976] INFO  sched: task=sensor_poll prio=3 dispatch cycle=59
[   0.590830] INFO  sched: task=sensor_poll prio=3 complete exec_us=855
[   0.599820] INFO  sched: task=sensor_poll prio=3 dispatch cycle=60
[   0.600000] DEBUG wdt: fed count=12
600 ms  INFO net: frame seq=24 len=213 crc=OK
[   0.600432] INFO  sched: task=ctrl_loop prio=2 dispatch cycle=30
[   0.600650] INFO  sched: task=sensor_poll prio=3 complete exec_us=830
[   0.601351] INFO  sched: task=telemetry prio=1 dispatch cycle=6
[   0.602694] INFO  sched: task=ctrl_loop prio=2 complete exec_us=2262
[   0.608644] INFO  sched: task=telemetry prio=1 complete exec_us=7293
[   0.610011] INFO  sched: task=sensor_poll prio=3 dispatch cycle=61
[   0.610816] INFO  sched: task=sensor_poll prio=3 complete exec_us=805
[   0.619808] INFO  sched: task=ctrl_loop prio=2 dispatch cycle=31
[   0.620429] INFO  sched: task=sensor_poll prio=3 dispatch cycle=62
[   0.621108] INFO  sched: task=sensor_poll prio=3 complete exec_us=679
[   0.622283] INFO  sched: task=ctrl_loop prio=2 complete exec_us=2475
625 ms  INFO net: frame seq=25 len=126 crc=FAIL
[   0.630436] INFO  sched: task=sensor_poll prio=3 dispatch cycle=63
[   0.631193] INFO  sched: task=sensor_poll prio=3 complete exec_us=758
[   0.639989] INFO  sched: task=sensor_poll prio=3 dispatch cycle=64
[   0.640271] INFO  sched: task=ctrl_loop prio=2 dispatch cycle=32
[   0.640675] INFO  sched: task=sensor_poll prio=3 complete exec_us=686
[   0.642771] INFO  sched: task=ctrl_loop prio=2 complete exec_us=2500
[   0.649836] INFO  sched: task=sensor_poll prio=3 dispatch cycle=65
[   0.650000] DEBUG wdt: fed count=13
650 ms  INFO net: frame seq=26 len=177 crc=OK
[   0.650630] INFO  sched: task=sensor_poll prio=3 complete exec_us=794
[   0.660011] INFO  sched: task=sensor_poll prio=3 dispatch cycle=66
[   0.660343] INFO  sched: task=ctrl_loop prio=2 dispatch cycle=33
[   0.660833] INFO  sched: task=sensor_poll prio=3 complete exec_us=822
[   0.662609] INFO  sched: task=ctrl_loop prio=2 complete exec_us=2266
[   0.669916] INFO  sched: task=sensor_poll prio=3 dispatch cycle=67
[   0.670822] INFO  sched: task=sensor_poll prio=3 complete exec_us=906
675 ms  INFO net: frame seq=27 len=81 crc=OK
[   0.680050] INFO  sched: task=ctrl_loop prio=2 dispatch cycle=34
[   0.680253] INFO  sched: task=sensor_poll prio=3 dispatch cycle=68
[   0.681000] INFO  sched: task=sensor_poll prio=3 complete exec_us=747
[   0.682874] INFO  sched: task=ctrl_loop prio=2 complete exec_us=2824
[   0.690341] INFO  sched: task=sensor_poll prio=3 dispatch cycle=69
[   0.691064] INFO  sched: task=sensor_poll prio=3 complete exec_us=722
[   0.697983] INFO  sched: task=telemetry prio=1 dispatch cycle=7
[   0.700000] DEBUG wdt: fed count=14
700 ms  INFO net: frame seq=28 len=31 crc=OK
[   0.700291] INFO  sched: task=ctrl_loop prio=2 dispatch cycle=35
[   0.700330] INFO  sched: task=sensor_poll prio=3 dispatch cycle=70
[   0.701138] INFO  sched: task=sensor_poll prio=3 complete exec_us=808
[   0.702444] INFO  sched: task=telemetry prio=1 complete exec_us=4460
[   0.702650] INFO  sched: task=ctrl_loop prio=2 complete exec_us=2359
[   0.709909] INFO  sched: task=sensor_poll prio=3 dispatch cycle=71
[   0.710793] INFO  sched: task=sensor_poll prio=3 complete exec_us=884
[   0.719595] INFO  sched: task=sensor_poll prio=3 dispatch cycle=72
[   0.720146] INFO  sched: task=ctrl_loop prio=2 dispatch cycle=36
[   0.720468] INFO  sched: task=sensor_poll prio=3 complete exec_us=873
[   0.722466] INFO  sched: task=ctrl_loop prio=2 complete exec_us=2320
725 ms  INFO net: frame seq=29 len=65 crc=OK
[   0.729917] INFO  sched: task=sensor_poll prio=3 dispatch cycle=73
[   0.730756] INFO  sched: task=sensor_poll prio=3 complete exec_us=838
[   0.739654] INFO  sched: task=sensor_poll prio=3 dispatch cycle=74
[   0.739798] INFO  sched: task=ctrl_loop prio=2 dispatch cycle=37
[   0.740469] INFO  sched: task=sensor_poll prio=3 complete exec_us=815
[   0.750000] DEBUG wdt: fed count=15
750 ms  INFO net: frame seq=30 len=53 crc=OK
[   0.750080] INFO  sched: task=sensor_poll prio=3 dispatch cycle=75
[   0.750951] INFO  sched: task=sensor_poll prio=3 complete exec_us=870
[   0.760002] INFO  sched: task=ctrl_loop prio=2 dispatch cycle=38
[   0.760168] INFO  sched: task=sensor_poll prio=3 dispatch cycle=76
[   0.761062] INFO  sched: task=sensor_poll prio=3 complete exec_us=894
[   0.762443] INFO  sched: task=ctrl_loop prio=2 complete exec_us=2441
[   0.765151] INFO  sched: task=ctrl_loop prio=2 complete exec_us=25352
[   0.770128] INFO  sched: task=sensor_poll prio=3 dispatch cycle=77
775 ms  INFO net: frame seq=31 len=52 crc=OK
[   0.776405] INFO  sched: task=sensor_poll prio=3 complete exec_us=6276
[   0.779886] INFO  sched: task=ctrl_loop prio=2 dispatch cycle=39
[   0.780042] INFO  sched: task=sensor_poll prio=3 dispatch cycle=78
[   0.780827] INFO  sched: task=sensor_poll prio=3 complete exec_us=785
[   0.782510] INFO  sched: task=ctrl_loop prio=2 complete exec_us=2624
[   0.789971] INFO  sched: task=sensor_poll prio=3 dispatch cycle=79
[   0.790844] INFO  sched: task=sensor_poll prio=3 complete exec_us=873
[   0.799048] INFO  sched: task=telemetry prio=1 dispatch cycle=8
[   0.799659] INFO  sched: task=sensor_poll prio=3 dispatch cycle=80
[   0.800000] DEBUG wdt: fed count=16
800 ms  INFO net: frame seq=32 len=160 crc=OK
[   0.800195] INFO  sched: task=ctrl_loop prio=2 dispatch cycle=40
[   0.802942] INFO  sched: task=ctrl_loop prio=2 complete exec_us=2747
[   0.803288] INFO  sched: task=sensor_poll prio=3 complete exec_us=3629
[   0.803938] INFO  sched: task=telemetry prio=1 complete exec_us=4890
[   0.810072] INFO  sched: task=sensor_poll prio=3 dispatch cycle=81
[   0.810894] INFO  sched: task=sensor_poll prio=3 complete exec_us=822
[   0.819543] INFO  sched: task=ctrl_loop prio=2 dispatch cycle=41
[   0.820388] INFO  sched: task=sensor_poll prio=3 dispatch cycle=82
[   0.821169] INFO  sched: task=sensor_poll prio=3 complete exec_us=781
[   0.822362] INFO  sched: task=ctrl_loop prio=2 complete exec_us=2820
825 ms  INFO net: frame seq=33 len=94 crc=OK
[   0.829826] INFO  sched: task=sensor_poll prio=3 dispatch cycle=83
[   0.830625] INFO  sched: task=sensor_poll prio=3 complete exec_us=799
[   0.839409] INFO  sched: task=ctrl_loop prio=2 dispatch cycle=42
[   0.839828] INFO  sched: task=sensor_poll prio=3 dispatch cycle=84
[   0.840698] INFO  sched: task=sensor_poll prio=3 complete exec_us=870
[   0.841887] INFO  sched: task=ctrl_loop prio=2 complete exec_us=2478
[   0.849916] INFO  sched: task=sensor_poll prio=3 dispatch cycle=85
[   0.850000] DEBUG wdt: fed count=17
850 ms  INFO net: frame seq=34 len=82 crc=OK
[   0.850746] INFO  sched: task=sensor_poll prio=3 complete exec_us=830
[   0.860181] INFO  sched: task=sensor_poll prio=3 dispatch cycle=86
[   0.860387] INFO  sched: task=ctrl_loop prio=2 dispatch cycle=43
[   0.861035] INFO  sched: task=sensor_poll prio=3 complete exec_us=854
[   0.863342] INFO  sched: task=ctrl_loop prio=2 complete exec_us=2955
[   0.869940] INFO  sched: task=sensor_poll prio=3 dispatch cycle=87
[   0.870757] INFO  sched: task=sensor_poll prio=3 complete exec_us=817
875 ms  INFO net: frame seq=35 len=127 crc=OK
[   0.879551] INFO  sched: task=ctrl_loop prio=2 dispatch cycle=44
[   0.879809] INFO  sched: task=sensor_poll prio=3 dispatch cycle=88
[   0.880668] INFO  sched: task=sensor_poll prio=3 complete exec_us=858
[   0.881985] INFO  sched: task=ctrl_loop prio=2 complete exec_us=2434
[   0.889738] INFO  sched: task=sensor_poll prio=3 dispatch cycle=89
[   0.890611] INFO  sched: task=sensor_poll prio=3 complete exec_us=874
[   0.899825] INFO  sched: task=sensor_poll prio=3 dispatch cycle=90
[   0.899957] INFO  sched: task=ctrl_loop prio=2 dispatch cycle=45
[   0.900000] DEBUG wdt: fed count=18
900 ms  INFO net: frame seq=36 len=31 crc=OK
[   0.900649] INFO  sched: task=sensor_poll prio=3 complete exec_us=824
[   0.901496] INFO  sched: task=telemetry prio=1 dispatch cycle=9
[   0.902531] INFO  sched: task=ctrl_loop prio=2 complete exec_us=2575
[   0.907995] INFO  sched: task=telemetry prio=1 complete exec_us=6499
[   0.909939] INFO  sched: task=sensor_poll prio=3 dispatch cycle=91
[   0.910679] INFO  sched: task=sensor_poll prio=3 complete exec_us=740
[   0.919855] INFO  sched: task=sensor_poll prio=3 dispatch cycle=92
[   0.920148] INFO  sched: task=ctrl_loop prio=2 dispatch cycle=46
[   0.920666] INFO  sched: task=sensor_poll prio=3 complete exec_us=811
[   0.922594] INFO  sched: task=ctrl_loop prio=2 complete exec_us=2446
925 ms  INFO net: frame seq=37 len=229 crc=OK
[   0.929974] INFO  sched: task=sensor_poll prio=3 dispatch cycle=93
[   0.930752] INFO  sched: task=sensor_poll prio=3 complete exec_us=778
[   0.938995] INFO  sched: task=ctrl_loop prio=2 dispatch cycle=47
[   0.939632] INFO  sched: task=sensor_poll prio=3 dispatch cycle=94
[   0.940488] INFO  sched: task=sensor_poll prio=3 complete exec_us=855
[   0.942006] INFO  sched: task=ctrl_loop prio=2 complete exec_us=3011
[   0.949699] INFO  sched: task=sensor_poll prio=3 dispatch cycle=95
[   0.950000] DEBUG wdt: fed count=19
950 ms  INFO net: frame seq=38 len=123 crc=OK
[   0.950590] INFO  sched: task=sensor_poll prio=3 complete exec_us=891
[   0.959962] INFO  sched: task=ctrl_loop prio=2 dispatch cycle=48
[   0.959983] INFO  sched: task=sensor_poll prio=3 dispatch cycle=96
[   0.960850] INFO  sched: task=sensor_poll prio=3 complete exec_us=867
[   0.962599] INFO  sched: task=ctrl_loop prio=2 complete exec_us=2637
[   0.970114] INFO  sched: task=sensor_poll prio=3 dispatch cycle=97
[   0.970832] INFO  sched: task=sensor_poll prio=3 complete exec_us=718
975 ms  INFO net: frame seq=39 len=238 crc=OK
[   0.980078] INFO  sched: task=sensor_poll prio=3 dispatch cycle=98
[   0.980717] INFO  sched: task=ctrl_loop prio=2 dispatch cycle=49
[   0.980792] INFO  sched: task=sensor_poll prio=3 complete exec_us=714
[   0.983171] INFO  sched: task=ctrl_loop prio=2 complete exec_us=2454
[   0.989914] INFO  sched: task=sensor_poll prio=3 dispatch cycle=99
[   0.990703] INFO  sched: task=sensor_poll prio=3 complete exec_us=789
[   0.999327] INFO  sched: task=ctrl_loop prio=2 dispatch cycle=50
[   1.000000] DEBUG wdt: fed count=20
1000 ms  INFO net: frame seq=40 len=19 crc=OK
[   1.000111] INFO  sched: task=sensor_poll prio=3 dispatch cycle=100
[   1.000912] INFO  sched: task=sensor_poll prio=3 complete exec_us=801
[   1.001572] INFO  sched: task=telemetry prio=1 dispatch cycle=10
[   1.001733] INFO  sched: task=ctrl_loop prio=2 complete exec_us=2406
[   1.006050] INFO  sched: task=telemetry prio=1 complete exec_us=4479
[   1.010084] INFO  sched: task=sensor_poll prio=3 dispatch cycle=101
[   1.010892] INFO  sched: task=sensor_poll prio=3 complete exec_us=807
[   1.020092] INFO  sched: task=sensor_poll prio=3 dispatch cycle=102
[   1.020167] INFO  sched: task=ctrl_loop prio=2 dispatch cycle=51
[   1.020866] INFO  sched: task=sensor_poll prio=3 complete exec_us=774
[   1.022524] INFO  sched: task=ctrl_loop prio=2 complete exec_us=2358
1025 ms  INFO net: frame seq=41 len=133 crc=OK
[   1.030055] INFO  sched: task=sensor_poll prio=3 dispatch cycle=103
[   1.030830] INFO  sched: task=sensor_poll prio=3 complete exec_us=774
[   1.039824] INFO  sched: task=sensor_poll prio=3 dispatch cycle=104
[   1.040501] INFO  sched: task=ctrl_loop prio=2 dispatch cycle=52
[   1.040523] INFO  sched: task=sensor_poll prio=3 complete exec_us=699
[   1.049685] INFO  sched: task=sensor_poll prio=3 dispatch cycle=105
[   1.050000] DEBUG wdt: fed count=21
1050 ms  INFO net: frame seq=42 len=117 crc=OK
[   1.050434] INFO  sched: task=sensor_poll prio=3 complete exec_us=749
[   1.053855] INFO  sched: task=ctrl_loop prio=2 complete exec_us=13354
[   1.059755] INFO  sched: task=ctrl_loop prio=2 dispatch cycle=53
[   1.060026] INFO  sched: task=sensor_poll prio=3 dispatch cycle=106
[   1.060755] INFO  sched: task=sensor_poll prio=3 complete exec_us=729
[   1.062084] INFO  sched: task=ctrl_loop prio=2 complete exec_us=2329
[   1.070260] INFO  sched: task=sensor_poll prio=3 dispatch cycle=107
[   1.071122] INFO  sched: task=sensor_poll prio=3 complete exec_us=862
1075 ms  INFO net: frame seq=43 len=69 crc=OK
[   1.079610] INFO  sched: task=ctrl_loop prio=2 dispatch cycle=54
[   1.080164] INFO  sched: task=sensor_poll prio=3 dispatch cycle=108
[   1.080984] INFO  sched: task=sensor_poll prio=3 complete exec_us=820
[   1.081869] INFO  sched: task=ctrl_loop prio=2 complete exec_us=2259
[   1.090070] INFO  sched: task=sensor_poll prio=3 dispatch cycle=109
[   1.090831] INFO  sched: task=sensor_poll prio=3 complete exec_us=761
[   1.097893] INFO  sched: task=telemetry prio=1 dispatch cycle=11
[   1.099378] INFO  sched: task=ctrl_loop prio=2 dispatch cycle=55
1100 ms  INFO net: frame seq=44 len=208 crc=OK
[   1.100000] DEBUG wdt: fed count=22
[   1.100000] INFO  sched: task=sensor_poll prio=3 dispatch cycle=110
[   1.100883] INFO  sched: task=sensor_poll prio=3 complete exec_us=883
[   1.101829] INFO  sched: task=ctrl_loop prio=2 complete exec_us=2451
[   1.105363] INFO  sched: task=telemetry prio=1 complete exec_us=7470
[   1.109850] INFO  sched: task=sensor_poll prio=3 dispatch cycle=111
[   1.110685] INFO  sched: task=sensor_poll prio=3 complete exec_us=836
[   1.119877] INFO  sched: task=sensor_poll prio=3 dispatch cycle=112
[   1.120255] INFO  sched: task=ctrl_loop prio=2 dispatch cycle=56
[   1.120728] INFO  sched: task=sensor_poll prio=3 complete exec_us=850
[   1.122665] INFO  sched: task=ctrl_loop prio=2 complete exec_us=2409
1125 ms  INFO net: frame seq=45 len=255 crc=OK
[   1.129462] INFO  sched: task=sensor_poll prio=3 dispatch cycle=113
[   1.130262] INFO  sched: task=sensor_poll prio=3 complete exec_us=800
[   1.139998] INFO  sched: task=sensor_poll prio=3 dispatch cycle=114
[   1.140172] INFO  sched: task=ctrl_loop prio=2 dispatch cycle=57
[   1.140763] INFO  sched: task=sensor_poll prio=3 complete exec_us=764
[   1.142661] INFO  sched: task=ctrl_loop prio=2 complete exec_us=2489
1150 ms  INFO net: frame seq=46 len=177 crc=OK
[   1.150000] DEBUG wdt: fed count=23
[   1.150012] INFO  sched: task=sensor_poll prio=3 dispatch cycle=115
[   1.150722] INFO  sched: task=sensor_poll prio=3 complete exec_us=710
[   1.159714] INFO  sched: task=sensor_poll prio=3 dispatch cycle=116
[   1.160270] INFO  sched: task=ctrl_loop prio=2 dispatch cycle=58
[   1.160523] INFO  sched: task=sensor_poll prio=3 complete exec_us=809
[   1.163065] INFO  sched: task=ctrl_loop prio=2 complete exec_us=2795
[   1.170053] INFO  sched: task=sensor_poll prio=3 dispatch cycle=117
[   1.170875] INFO  sched: task=sensor_poll prio=3 complete exec_us=822
1175 ms  INFO net: frame seq=47 len=150 crc=OK
[   1.179803] INFO  sched: task=ctrl_loop prio=2 dispatch cycle=59
[   1.180209] INFO  sched: task=sensor_poll prio=3 dispatch cycle=118
[   1.180973] INFO  sched: task=sensor_poll prio=3 complete exec_us=764
[   1.181941] INFO  sched: task=ctrl_loop prio=2 complete exec_us=2138
[   1.189975] INFO  sched: task=sensor_poll prio=3 dispatch cycle=119
[   1.190737] INFO  sched: task=sensor_poll prio=3 complete exec_us=762
1200 ms  INFO net: frame seq=48 len=224 crc=OK
[   1.200000] DEBUG wdt: fed count=24
[   1.200083] INFO  sched: task=sensor_poll prio=3 dispatch cycle=120
[   1.200592] INFO  sched: task=ctrl_loop prio=2 dispatch cycle=60
[   1.200959] INFO  sched: task=sensor_poll prio=3 complete exec_us=876
[   1.202497] INFO  sched: task=telemetry prio=1 dispatch cycle=12
[   1.203168] INFO  sched: task=ctrl_loop prio=2 complete exec_us=2576
[   1.208626] INFO  sched: task=telemetry prio=1 complete exec_us=6129
[   1.210034] INFO  sched: task=sensor_poll prio=3 dispatch cycle=121
[   1.210925] INFO  sched: task=sensor_poll prio=3 complete exec_us=891
[   1.219766] INFO  sched: task=ctrl_loop prio=2 dispatch cycle=61
[   1.219911] INFO  sched: task=sensor_poll prio=3 dispatch cycle=122
[   1.220801] INFO  sched: task=sensor_poll prio=3 complete exec_us=890
[   1.221884] INFO  sched: task=ctrl_loop prio=2 complete exec_us=2118
1225 ms  INFO net: frame seq=49 len=119 crc=OK
[   1.230161] INFO  sched: task=sensor_poll prio=3 dispatch cycle=123
[   1.230897] INFO  sched: task=sensor_poll prio=3 complete exec_us=737
[   1.239394] INFO  sched: task=ctrl_loop prio=2 dispatch cycle=62
[   1.240009] INFO  sched: task=sensor_poll prio=3 dispatch cycle=124
[   1.240821] INFO  sched: task=sensor_poll prio=3 complete exec_us=813
[   1.241631] INFO  sched: task=ctrl_loop prio=2 complete exec_us=2237
[   1.249909] INFO  sched: task=sensor_poll prio=3 dispatch cycle=125
1250 ms  INFO net: frame seq=50 len=235 crc=OK
[   1.250000] DEBUG wdt: fed count=25
[   1.250734] INFO  sched: task=sensor_poll prio=3 complete exec_us=825
[   1.259849] INFO  sched: task=sensor_poll prio=3 dispatch cycle=126
[   1.260255] INFO  sched: task=ctrl_loop prio=2 dispatch cycle=63
[   1.260742] INFO  sched: task=sensor_poll prio=3 complete exec_us=893
[   1.262858] INFO  sched: task=ctrl_loop prio=2 complete exec_us=2603
[   1.270228] INFO  sched: task=sensor_poll prio=3 dispatch cycle=127
[   1.271024] INFO  sched: task=sensor_poll prio=3 complete exec_us=796
1275 ms  INFO net: frame seq=51 len=189 crc=OK
[   1.279628] INFO  sched: task=sensor_poll prio=3 dispatch cycle=128
[   1.279767] INFO  sched: task=ctrl_loop prio=2 dispatch cycle=64
[   1.280451] INFO  sched: task=sensor_poll prio=3 complete exec_us=823
[   1.282460] INFO  sched: task=ctrl_loop prio=2 complete exec_us=2693
[   1.289785] INFO  sched: task=sensor_poll prio=3 dispatch cycle=129
[   1.290561] INFO  sched: task=sensor_poll prio=3 complete exec_us=776
[   1.299721] INFO  sched: task=ctrl_loop prio=2 dispatch cycle=65
1300 ms  INFO net: frame seq=52 len=154 crc=OK
[   1.300000] DEBUG wdt: fed count=26
[   1.300126] INFO  sched: task=sensor_poll prio=3 dispatch cycle=130
[   1.300878] INFO  sched: task=sensor_poll prio=3 complete exec_us=752
[   1.301896] INFO  sched: task=ctrl_loop prio=2 complete exec_us=2175
[   1.301897] INFO  sched: task=telemetry prio=1 dispatch cycle=13
[   1.308313] INFO  sched: task=telemetry prio=1 complete exec_us=6416
[   1.310218] INFO  sched: task=sensor_poll prio=3 dispatch cycle=131
[   1.311001] INFO  sched: task=sensor_poll prio=3 complete exec_us=783
>>> raw dump 0xDEADBEEF 0x0000 0xFFFF garbage
[   1.319840] INFO  sched: task=ctrl_loop prio=2 dispatch cycle=66
[   1.320030] INFO  sched: task=sensor_poll prio=3 dispatch cycle=132
[   1.320925] INFO  sched: task=sensor_poll prio=3 complete exec_us=895
[   1.322336] INFO  sched: task=ctrl_loop prio=2 complete exec_us=2496
1325 ms  INFO net: frame seq=53 len=158 crc=OK
[   1.330379] INFO  sched: task=sensor_poll prio=3 dispatch cycle=133
[   1.331149] INFO  sched: task=sensor_poll prio=3 complete exec_us=770
[   1.340057] INFO  sched: task=sensor_poll prio=3 dispatch cycle=134
[   1.340271] INFO  sched: task=ctrl_loop prio=2 dispatch cycle=67
[   1.340900] INFO  sched: task=sensor_poll prio=3 complete exec_us=843
[   1.342979] INFO  sched: task=ctrl_loop prio=2 complete exec_us=2708
[   1.349889] INFO  sched: task=sensor_poll prio=3 dispatch cycle=135
1350 ms  INFO net: frame seq=54 len=140 crc=OK
[   1.350000] DEBUG wdt: fed count=27
[   1.350575] INFO  sched: task=sensor_poll prio=3 complete exec_us=686
[   1.359987] INFO  sched: task=sensor_poll prio=3 dispatch cycle=136
[   1.360510] INFO  sched: task=ctrl_loop prio=2 dispatch cycle=68
[   1.360907] INFO  sched: task=sensor_poll prio=3 complete exec_us=920
[   1.363135] INFO  sched: task=ctrl_loop prio=2 complete exec_us=2624
[   1.369714] INFO  sched: task=sensor_poll prio=3 dispatch cycle=137
[   1.370559] INFO  sched: task=sensor_poll prio=3 complete exec_us=845
1375 ms  INFO net: frame seq=55 len=254 crc=OK
[   1.379930] INFO  sched: task=ctrl_loop prio=2 dispatch cycle=69
[   1.380317] INFO  sched: task=sensor_poll prio=3 dispatch cycle=138
[   1.381179] INFO  sched: task=sensor_poll prio=3 complete exec_us=863
[   1.382461] INFO  sched: task=ctrl_loop prio=2 complete exec_us=2530
[   1.389836] INFO  sched: task=sensor_poll prio=3 dispatch cycle=139
[   1.390698] INFO  sched: task=sensor_poll prio=3 complete exec_us=862
1400 ms  INFO net: frame seq=56 len=132 crc=OK
[   1.400000] DEBUG wdt: fed count=28
[   1.400180] INFO  sched: task=sensor_poll prio=3 dispatch cycle=140
[   1.400583] INFO  sched: task=ctrl_loop prio=2 dispatch cycle=70
[   1.400759] INFO  sched: task=telemetry prio=1 dispatch cycle=14
[   1.400983] INFO  sched: task=sensor_poll prio=3 complete exec_us=802
[   1.403458] INFO  sched: task=ctrl_loop prio=2 complete exec_us=2875
[   1.407395] INFO  sched: task=telemetry prio=1 complete exec_us=6636
[   1.409863] INFO  sched: task=sensor_poll prio=3 dispatch cycle=141
[   1.410667] INFO  sched: task=sensor_poll prio=3 complete exec_us=804
[   1.420191] INFO  sched: task=sensor_poll prio=3 dispatch cycle=142
[   1.420206] INFO  sched: task=ctrl_loop prio=2 dispatch cycle=71
[   1.420975] INFO  sched: task=sensor_poll prio=3 complete exec_us=783
[   1.422516] INFO  sched: task=ctrl_loop prio=2 complete exec_us=2310
1425 ms  INFO net: frame seq=57 len=24 crc=OK
[   1.430117] INFO  sched: task=sensor_poll prio=3 dispatch cycle=143
[   1.430950] INFO  sched: task=sensor_poll prio=3 complete exec_us=833
[   1.440172] INFO  sched: task=ctrl_loop prio=2 dispatch cycle=72
[   1.440318] INFO  sched: task=sensor_poll prio=3 dispatch cycle=144
[   1.441199] INFO  sched: task=sensor_poll prio=3 complete exec_us=881
[   1.442536] INFO  sched: task=ctrl_loop prio=2 complete exec_us=2365
1450 ms  INFO net: frame seq=58 len=156 crc=OK
[   1.450000] DEBUG wdt: fed count=29
[   1.450391] INFO  sched: task=sensor_poll prio=3 dispatch cycle=145
[   1.451272] INFO  sched: task=sensor_poll prio=3 complete exec_us=882
[   1.459180] INFO  sched: task=ctrl_loop prio=2 dispatch cycle=73
[   1.460047] INFO  sched: task=sensor_poll prio=3 dispatch cycle=146
[   1.460747] INFO  sched: task=sensor_poll prio=3 complete exec_us=700
[   1.461188] INFO  sched: task=ctrl_loop prio=2 complete exec_us=2009
[   1.469869] INFO  sched: task=sensor_poll prio=3 dispatch cycle=147
[   1.470591] INFO  sched: task=sensor_poll prio=3 complete exec_us=722
1475 ms  INFO net: frame seq=59 len=28 crc=OK
[   1.479967] INFO  sched: task=sensor_poll prio=3 dispatch cycle=148
[   1.480419] INFO  sched: task=ctrl_loop prio=2 dispatch cycle=74
[   1.480867] INFO  sched: task=sensor_poll prio=3 complete exec_us=900
[   1.482989] INFO  sched: task=ctrl_loop prio=2 complete exec_us=2570
[   1.489884] INFO  sched: task=sensor_poll prio=3 dispatch cycle=149
[   1.490619] INFO  sched: task=sensor_poll prio=3 complete exec_us=734
[   1.499013] INFO  sched: task=telemetry prio=1 dispatch cycle=15
[   1.499814] INFO  sched: task=sensor_poll prio=3 dispatch cycle=150
1500 ms  INFO net: frame seq=60 len=20 crc=OK
[   1.500000] DEBUG wdt: fed count=30
[   1.500235] INFO  sched: task=ctrl_loop prio=2 dispatch cycle=75
[   1.500616] INFO  sched: task=sensor_poll prio=3 complete exec_us=802
[   1.502583] INFO  sched: task=ctrl_loop prio=2 complete exec_us=2348
[   1.504900] INFO  sched: task=telemetry prio=1 complete exec_us=5887
[   1.509888] INFO  sched: task=sensor_poll prio=3 dispatch cycle=151
[   1.510618] INFO  sched: task=sensor_poll prio=3 complete exec_us=730
[   1.519828] INFO  sched: task=sensor_poll prio=3 dispatch cycle=152
[   1.519919] INFO  sched: task=ctrl_loop prio=2 dispatch cycle=76
[   1.520561] INFO  sched: task=sensor_poll prio=3 complete exec_us=733
[   1.522753] INFO  sched: task=ctrl_loop prio=2 complete exec_us=2834
1525 ms  INFO net: frame seq=61 len=145 crc=OK
[   1.530225] INFO  sched: task=sensor_poll prio=3 dispatch cycle=153
[   1.530969] INFO  sched: task=sensor_poll prio=3 complete exec_us=744
[   1.540100] INFO  sched: task=sensor_poll prio=3 dispatch cycle=154
[   1.540244] INFO  sched: task=ctrl_loop prio=2 dispatch cycle=77
[   1.540887] INFO  sched: task=sensor_poll prio=3 complete exec_us=786
[   1.542646] INFO  sched: task=ctrl_loop prio=2 complete exec_us=2401
[   1.549950] INFO  sched: task=sensor_poll prio=3 dispatch cycle=155
1550 ms  INFO net: frame seq=62 len=199 crc=OK
[   1.550000] DEBUG wdt: fed count=31
[   1.550671] INFO  sched: task=sensor_poll prio=3 complete exec_us=720
[   1.559867] INFO  sched: task=sensor_poll prio=3 dispatch cycle=156
[   1.559897] INFO  sched: task=ctrl_loop prio=2 dispatch cycle=78
[   1.560614] INFO  sched: task=sensor_poll prio=3 complete exec_us=747
[   1.562257] INFO  sched: task=ctrl_loop prio=2 complete exec_us=2360
[   1.570034] INFO  sched: task=sensor_poll prio=3 dispatch cycle=157
[   1.570854] INFO  sched: task=sensor_poll prio=3 complete exec_us=820
1575 ms  INFO net: frame seq=63 len=105 crc=OK
[   1.579781] INFO  sched: task=ctrl_loop prio=2 dispatch cycle=79
[   1.580007] INFO  sched: task=sensor_poll prio=3 dispatch cycle=158
[   1.580732] INFO  sched: task=sensor_poll prio=3 complete exec_us=725
[   1.582166] INFO  sched: task=ctrl_loop prio=2 complete exec_us=2386
[   1.589900] INFO  sched: task=sensor_poll prio=3 dispatch cycle=159
[   1.590737] INFO  sched: task=sensor_poll prio=3 complete exec_us=836
[   1.599301] INFO  sched: task=ctrl_loop prio=2 dispatch cycle=80
1600 ms  INFO net: frame seq=64 len=177 crc=OK
[   1.600000] DEBUG wdt: fed count=32
[   1.600041] INFO  sched: task=sensor_poll prio=3 dispatch cycle=160
[   1.600828] INFO  sched: task=sensor_poll prio=3 complete exec_us=787
[   1.601440] INFO  sched: task=ctrl_loop prio=2 complete exec_us=2139
[   1.601755] INFO  sched: task=telemetry prio=1 dispatch cycle=16
[   1.607815] INFO  sched: task=telemetry prio=1 complete exec_us=6060
[   1.610006] INFO  sched: task=sensor_poll prio=3 dispatch cycle=161
[   1.610909] INFO  sched: task=sensor_poll prio=3 complete exec_us=903
[   1.619899] INFO  sched: task=sensor_poll prio=3 dispatch cycle=162
[   1.620219] INFO  sched: task=ctrl_loop prio=2 dispatch cycle=81
[   1.620752] INFO  sched: task=sensor_poll prio=3 complete exec_us=853
[   1.622930] INFO  sched: task=ctrl_loop prio=2 complete exec_us=2711
1625 ms  INFO net: frame seq=65 len=41 crc=OK
[   1.630025] INFO  sched: task=sensor_poll prio=3 dispatch cycle=163
[   1.630770] INFO  sched: task=sensor_poll prio=3 complete exec_us=745
[   1.639119] INFO  sched: task=ctrl_loop prio=2 dispatch cycle=82
[   1.640121] INFO  sched: task=sensor_poll prio=3 dispatch cycle=164
[   1.640952] INFO  sched: task=sensor_poll prio=3 complete exec_us=831
[   1.641655] INFO  sched: task=ctrl_loop prio=2 complete exec_us=2536
1650 ms  INFO net: frame seq=66 len=184 crc=OK
[   1.650000] DEBUG wdt: fed count=33
[   1.650264] INFO  sched: task=sensor_poll prio=3 dispatch cycle=165
[   1.651132] INFO  sched: task=sensor_poll prio=3 complete exec_us=868
[   1.659549] INFO  sched: task=ctrl_loop prio=2 dispatch cycle=83
[   1.660052] INFO  sched: task=sensor_poll prio=3 dispatch cycle=166
[   1.660887] INFO  sched: task=sensor_poll prio=3 complete exec_us=836
[   1.662037] INFO  sched: task=ctrl_loop prio=2 complete exec_us=2488
[   1.669985] INFO  sched: task=sensor_poll prio=3 dispatch cycle=167
[   1.670674] INFO  sched: task=sensor_poll prio=3 complete exec_us=690
1675 ms  INFO net: frame seq=67 len=138 crc=OK
[   1.679579] INFO  sched: task=ctrl_loop prio=2 dispatch cycle=84
[   1.679906] INFO  sched: task=sensor_poll prio=3 dispatch cycle=168
[   1.680687] INFO  sched: task=sensor_poll prio=3 complete exec_us=782
[   1.682140] INFO  sched: task=ctrl_loop prio=2 complete exec_us=2562
[   1.690085] INFO  sched: task=sensor_poll prio=3 dispatch cycle=169
[   1.690954] INFO  sched: task=sensor_poll prio=3 complete exec_us=869
1700 ms  INFO net: frame seq=68 len=119 crc=OK
[   1.700000] DEBUG wdt: fed count=34
[   1.700045] INFO  sched: task=sensor_poll prio=3 dispatch cycle=170
[   1.700171] INFO  sched: task=ctrl_loop prio=2 dispatch cycle=85
[   1.700888] INFO  sched: task=sensor_poll prio=3 complete exec_us=843
[   1.701310] INFO  sched: task=telemetry prio=1 dispatch cycle=17
[   1.702091] INFO  sched: task=ctrl_loop prio=2 complete exec_us=1920
[   1.708546] INFO  sched: task=telemetry prio=1 complete exec_us=7235
[   1.710354] INFO  sched: task=sensor_poll prio=3 dispatch cycle=171
[   1.711174] INFO  sched: task=sensor_poll prio=3 complete exec_us=820
[   1.720077] INFO  sched: task=ctrl_loop prio=2 dispatch cycle=86
[   1.720187] INFO  sched: task=sensor_poll prio=3 dispatch cycle=172
[   1.720968] INFO  sched: task=sensor_poll prio=3 complete exec_us=782
[   1.722766] INFO  sched: task=ctrl_loop prio=2 complete exec_us=2689
1725 ms  INFO net: frame seq=69 len=251 crc=OK
[   1.729754] INFO  sched: task=sensor_poll prio=3 dispatch cycle=173
[   1.730512] INFO  sched: task=sensor_poll prio=3 complete exec_us=758
[   1.739935] INFO  sched: task=sensor_poll prio=3 dispatch cycle=174
[   1.740150] INFO  sched: task=ctrl_loop prio=2 dispatch cycle=87
[   1.740688] INFO  sched: task=sensor_poll prio=3 complete exec_us=753
[   1.742693] INFO  sched: task=ctrl_loop prio=2 complete exec_us=2543
[   1.749730] INFO  sched: task=sensor_poll prio=3 dispatch cycle=175
1750 ms  INFO net: frame seq=70 len=41 crc=OK
[   1.750000] DEBUG wdt: fed count=35
[   1.750538] INFO  sched: task=sensor_poll prio=3 complete exec_us=808
[   1.760343] INFO  sched: task=sensor_poll prio=3 dispatch cycle=176
[   1.760460] INFO  sched: task=ctrl_loop prio=2 dispatch cycle=88
[   1.761145] INFO  sched: task=sensor_poll prio=3 complete exec_us=802
[   1.762901] INFO  sched: task=ctrl_loop prio=2 complete exec_us=2441
[   1.769757] INFO  sched: task=sensor_poll prio=3 dispatch cycle=177
[   1.770560] INFO  sched: task=sensor_poll prio=3 complete exec_us=804
1775 ms  INFO net: frame seq=71 len=105 crc=OK
[   1.780085] INFO  sched: task=sensor_poll prio=3 dispatch cycle=178
[   1.780677] INFO  sched: task=ctrl_loop prio=2 dispatch cycle=89
[   1.780955] INFO  sched: task=sensor_poll prio=3 complete exec_us=869
[   1.783417] INFO  sched: task=ctrl_loop prio=2 complete exec_us=2741
[   1.789712] INFO  sched: task=sensor_poll prio=3 dispatch cycle=179
[   1.790512] INFO  sched: task=sensor_poll prio=3 complete exec_us=800
[   1.799537] INFO  sched: task=sensor_poll prio=3 dispatch cycle=180
[   1.799664] INFO  sched: task=ctrl_loop prio=2 dispatch cycle=90
1800 ms  INFO net: frame seq=72 len=32 crc=OK
[   1.800000] DEBUG wdt: fed count=36
[   1.800276] INFO  sched: task=sensor_poll prio=3 complete exec_us=739
[   1.801756] INFO  sched: task=ctrl_loop prio=2 complete exec_us=2092
[   1.802301] INFO  sched: task=telemetry prio=1 dispatch cycle=18
[   1.807189] INFO  sched: task=telemetry prio=1 complete exec_us=4888
[   1.810234] INFO  sched: task=sensor_poll prio=3 dispatch cycle=181
[   1.811114] INFO  sched: task=sensor_poll prio=3 complete exec_us=880
[   1.819906] INFO  sched: task=ctrl_loop prio=2 dispatch cycle=91
[   1.820179] INFO  sched: task=sensor_poll prio=3 dispatch cycle=182
[   1.820997] INFO  sched: task=sensor_poll prio=3 complete exec_us=818
[   1.822523] INFO  sched: task=ctrl_loop prio=2 complete exec_us=2617
1825 ms  INFO net: frame seq=73 len=246 crc=OK
[   1.830220] INFO  sched: task=sensor_poll prio=3 dispatch cycle=183
[   1.831055] INFO  sched: task=sensor_poll prio=3 complete exec_us=835
[   1.839821] INFO  sched: task=sensor_poll prio=3 dispatch cycle=184
[   1.840225] INFO  sched: task=ctrl_loop prio=2 dispatch cycle=92
[   1.840729] INFO  sched: task=sensor_poll prio=3 complete exec_us=909
[   1.842881] INFO  sched: task=ctrl_loop prio=2 complete exec_us=2655
1850 ms  INFO net: frame seq=74 len=160 crc=OK
[   1.850000] DEBUG wdt: fed count=37
[   1.850263] INFO  sched: task=sensor_poll prio=3 dispatch cycle=185
[   1.851151] INFO  sched: task=sensor_poll prio=3 complete exec_us=889
[   1.860284] INFO  sched: task=sensor_poll prio=3 dispatch cycle=186
[   1.860826] INFO  sched: task=ctrl_loop prio=2 dispatch cycle=93
[   1.861042] INFO  sched: task=sensor_poll prio=3 complete exec_us=758
[   1.863434] INFO  sched: task=ctrl_loop prio=2 complete exec_us=2608
[   1.869799] INFO  sched: task=sensor_poll prio=3 dispatch cycle=187
[   1.870689] INFO  sched: task=sensor_poll prio=3 complete exec_us=891
1875 ms  INFO net: frame seq=75 len=231 crc=OK
[   1.880138] INFO  sched: task=sensor_poll prio=3 dispatch cycle=188
[   1.880147] INFO  sched: task=ctrl_loop prio=2 dispatch cycle=94
[   1.880889] INFO  sched: task=sensor_poll prio=3 complete exec_us=751
[   1.882476] INFO  sched: task=ctrl_loop prio=2 complete exec_us=2329
[   1.889904] INFO  sched: task=sensor_poll prio=3 dispatch cycle=189
[   1.890707] INFO  sched: task=sensor_poll prio=3 complete exec_us=803
[   1.898181] INFO  sched: task=telemetry prio=1 dispatch cycle=19
[   1.899322] INFO  sched: task=ctrl_loop prio=2 dispatch cycle=95
1900 ms  INFO net: frame seq=76 len=144 crc=OK
[   1.900000] DEBUG wdt: fed count=38
[   1.900118] INFO  sched: task=sensor_poll prio=3 dispatch cycle=190
[   1.900937] INFO  sched: task=sensor_poll prio=3 complete exec_us=819
[   1.901728] INFO  sched: task=ctrl_loop prio=2 complete exec_us=2406
[   1.905510] INFO  sched: task=telemetry prio=1 complete exec_us=7329
[   1.909690] INFO  sched: task=sensor_poll prio=3 dispatch cycle=191
[   1.910492] INFO  sched: task=sensor_poll prio=3 complete exec_us=802
[   1.919497] INFO  sched: task=ctrl_loop prio=2 dispatch cycle=96
[   1.919744] INFO  sched: task=sensor_poll prio=3 dispatch cycle=192
[   1.920585] INFO  sched: task=sensor_poll prio=3 complete exec_us=841
[   1.921977] INFO  sched: task=ctrl_loop prio=2 complete exec_us=2480
1925 ms  INFO net: frame seq=77 len=249 crc=OK
[   1.929672] INFO  sched: task=sensor_poll prio=3 dispatch cycle=193
[   1.930494] INFO  sched: task=sensor_poll prio=3 complete exec_us=822
[   1.939981] INFO  sched: task=ctrl_loop prio=2 dispatch cycle=97
[   1.940181] INFO  sched: task=sensor_poll prio=3 dispatch cycle=194
[   1.941098] INFO  sched: task=sensor_poll prio=3 complete exec_us=917
[   1.942494] INFO  sched: task=ctrl_loop prio=2 complete exec_us=2513
[   1.949871] INFO  sched: task=sensor_poll prio=3 dispatch cycle=195
1950 ms  INFO net: frame seq=78 len=97 crc=OK
[   1.950000] DEBUG wdt: fed count=39
[   1.950714] INFO  sched: task=sensor_poll prio=3 complete exec_us=843
[   1.959883] INFO  sched: task=sensor_poll prio=3 dispatch cycle=196
[   1.960185] INFO  sched: task=ctrl_loop prio=2 dispatch cycle=98
[   1.962602] INFO  sched: task=ctrl_loop prio=2 complete exec_us=2417
[   1.964283] INFO  sched: task=sensor_poll prio=3 complete exec_us=4400
[   1.970023] INFO  sched: task=sensor_poll prio=3 dispatch cycle=197
[   1.970790] INFO  sched: task=sensor_poll prio=3 complete exec_us=767
1975 ms  INFO net: frame seq=79 len=37 crc=OK
[   1.980046] INFO  sched: task=sensor_poll prio=3 dispatch cycle=198
[   1.980214] INFO  sched: task=ctrl_loop prio=2 dispatch cycle=99
[   1.980885] INFO  sched: task=sensor_poll prio=3 complete exec_us=839
[   1.982832] INFO  sched: task=ctrl_loop prio=2 complete exec_us=2618
[   1.989900] INFO  sched: task=sensor_poll prio=3 dispatch cycle=199
[   1.990721] INFO  sched: task=sensor_poll prio=3 complete exec_us=821
2000 ms  INFO net: frame seq=80 len=242 crc=OK
[   2.000000] DEBUG wdt: fed count=40
[   2.000094] INFO  sched: task=sensor_poll prio=3 dispatch cycle=200
[   2.000314] INFO  sched: task=telemetry prio=1 dispatch cycle=20
[   2.000352] INFO  sched: task=ctrl_loop prio=2 dispatch cycle=100
[   2.000917] INFO  sched: task=sensor_poll prio=3 complete exec_us=823
[   2.002984] INFO  sched: task=ctrl_loop prio=2 complete exec_us=2632
[   2.006152] INFO  sched: task=telemetry prio=1 complete exec_us=5838
[   2.010040] INFO  sched: task=sensor_poll prio=3 dispatch cycle=201
[   2.010844] INFO  sched: task=sensor_poll prio=3 complete exec_us=805
[   2.019487] INFO  sched: task=ctrl_loop prio=2 dispatch cycle=101
[   2.019739] INFO  sched: task=sensor_poll prio=3 dispatch cycle=202
[   2.020590] INFO  sched: task=sensor_poll prio=3 complete exec_us=851
[   2.022205] INFO  sched: task=ctrl_loop prio=2 complete exec_us=2717
2025 ms  INFO net: frame seq=81 len=224 crc=OK
[   2.029835] INFO  sched: task=sensor_poll prio=3 dispatch cycle=203
[   2.030669] INFO  sched: task=sensor_poll prio=3 complete exec_us=834
[   2.039877] INFO  sched: task=ctrl_loop prio=2 dispatch cycle=102
[   2.040137] INFO  sched: task=sensor_poll prio=3 dispatch cycle=204
[   2.040928] INFO  sched: task=sensor_poll prio=3 complete exec_us=791
[   2.042709] INFO  sched: task=ctrl_loop prio=2 complete exec_us=2833
[   2.049882] INFO  sched: task=sensor_poll prio=3 dispatch cycle=205
2050 ms  INFO net: frame seq=82 len=56 crc=OK
[   2.050000] DEBUG wdt: fed count=41
[   2.050687] INFO  sched: task=sensor_poll prio=3 complete exec_us=806
[   2.059559] INFO  sched: task=ctrl_loop prio=2 dispatch cycle=103
[   2.059941] INFO  sched: task=sensor_poll prio=3 dispatch cycle=206
[   2.060767] INFO  sched: task=sensor_poll prio=3 complete exec_us=825
[   2.061908] INFO  sched: task=ctrl_loop prio=2 complete exec_us=2348
[   2.069978] INFO  sched: task=sensor_poll prio=3 dispatch cycle=207
[   2.070730] INFO  sched: task=sensor_poll prio=3 complete exec_us=752
2075 ms  INFO net: frame seq=83 len=149 crc=OK
[   2.079546] INFO  sched: task=sensor_poll prio=3 dispatch cycle=208
[   2.079961] INFO  sched: task=ctrl_loop prio=2 dispatch cycle=104
[   2.080376] INFO  sched: task=sensor_poll prio=3 complete exec_us=830
[   2.082155] INFO  sched: task=ctrl_loop prio=2 complete exec_us=2194
[   2.090000] INFO  sched: task=sensor_poll prio=3 dispatch cycle=209
[   2.090847] INFO  sched: task=sensor_poll prio=3 complete exec_us=847
[   2.097205] INFO  sched: task=telemetry prio=1 dispatch cycle=21
[   2.099630] INFO  sched: task=ctrl_loop prio=2 dispatch cycle=105
[   2.099873] INFO  sched: task=sensor_poll prio=3 dispatch cycle=210
2100 ms  INFO net: frame seq=84 len=97 crc=OK
[   2.100000] DEBUG wdt: fed count=42
[   2.100633] INFO  sched: task=sensor_poll prio=3 complete exec_us=760
[   2.101875] INFO  sched: task=ctrl_loop prio=2 complete exec_us=2245
[   2.104062] INFO  sched: task=telemetry prio=1 complete exec_us=6857
[   2.109782] INFO  sched: task=sensor_poll prio=3 dispatch cycle=211
[   2.110438] INFO  sched: task=sensor_poll prio=3 complete exec_us=656
[   2.120050] INFO  sched: task=sensor_poll prio=3 dispatch cycle=212
[   2.120276] INFO  sched: task=ctrl_loop prio=2 dispatch cycle=106
[   2.120850] INFO  sched: task=sensor_poll prio=3 complete exec_us=800
[   2.122670] INFO  sched: task=ctrl_loop prio=2 complete exec_us=2394
2125 ms  INFO net: frame seq=85 len=248 crc=OK
[   2.130026] INFO  sched: task=sensor_poll prio=3 dispatch cycle=213
[   2.130841] INFO  sched: task=sensor_poll prio=3 complete exec_us=814
[   2.139506] INFO  sched: task=ctrl_loop prio=2 dispatch cycle=107
[   2.139757] INFO  sched: task=sensor_poll prio=3 dispatch cycle=214
[   2.140451] INFO  sched: task=sensor_poll prio=3 complete exec_us=694
[   2.141892] INFO  sched: task=ctrl_loop prio=2 complete exec_us=2386
2150 ms  INFO net: frame seq=86 len=233 crc=OK
[   2.150000] DEBUG wdt: fed count=43
[   2.150225] INFO  sched: task=sensor_poll prio=3 dispatch cycle=215
[   2.151013] INFO  sched: task=sensor_poll prio=3 complete exec_us=789
[   2.159902] INFO  sched: task=ctrl_loop prio=2 dispatch cycle=108
[   2.160412] INFO  sched: task=sensor_poll prio=3 dispatch cycle=216
[   2.161141] INFO  sched: task=sensor_poll prio=3 complete exec_us=729
[   2.162316] INFO  sched: task=ctrl_loop prio=2 complete exec_us=2413
[   2.169908] INFO  sched: task=sensor_poll prio=3 dispatch cycle=217
[   2.170785] INFO  sched: task=sensor_poll prio=3 complete exec_us=877
2175 ms  INFO net: frame seq=87 len=93 crc=OK
[   2.179412] INFO  sched: task=ctrl_loop prio=2 dispatch cycle=109
[   2.180142] INFO  sched: task=sensor_poll prio=3 dispatch cycle=218
[   2.180968] INFO  sched: task=sensor_poll prio=3 complete exec_us=826
[   2.182005] INFO  sched: task=ctrl_loop prio=2 complete exec_us=2593
[   2.190149] INFO  sched: task=sensor_poll prio=3 dispatch cycle=219
[   2.190989] INFO  sched: task=sensor_poll prio=3 complete exec_us=839
[   2.198494] INFO  sched: task=telemetry prio=1 dispatch cycle=22
[   2.199805] INFO  sched: task=sensor_poll prio=3 dispatch cycle=220
2200 ms  INFO net: frame seq=88 len=152 crc=OK
[   2.200000] DEBUG wdt: fed count=44
[   2.200288] INFO  sched: task=ctrl_loop prio=2 dispatch cycle=110
[   2.200480] INFO  sched: task=sensor_poll prio=3 complete exec_us=675
[   2.202773] INFO  sched: task=ctrl_loop prio=2 complete exec_us=2486
[   2.205263] INFO  sched: task=telemetry prio=1 complete exec_us=6769
[   2.209979] INFO  sched: task=sensor_poll prio=3 dispatch cycle=221
[   2.210682] INFO  sched: task=sensor_poll prio=3 complete exec_us=703
[   2.219533] INFO  sched: task=ctrl_loop prio=2 dispatch cycle=111
[   2.219572] INFO  sched: task=sensor_poll prio=3 dispatch cycle=222
[   2.220327] INFO  sched: task=sensor_poll prio=3 complete exec_us=755
[   2.222075] INFO  sched: task=ctrl_loop prio=2 complete exec_us=2541
2225 ms  INFO net: frame seq=89 len=102 crc=OK
[   2.229876] INFO  sched: task=sensor_poll prio=3 dispatch cycle=223
[   2.230698] INFO  sched: task=sensor_poll prio=3 complete exec_us=822
[   2.239843] INFO  sched: task=sensor_poll prio=3 dispatch cycle=224
[   2.240183] INFO  sched: task=ctrl_loop prio=2 dispatch cycle=112
[   2.240648] INFO  sched: task=sensor_poll prio=3 complete exec_us=806
>>> raw dump 0xDEADBEEF 0x0000 0xFFFF garbage
[   2.242572] INFO  sched: task=ctrl_loop prio=2 complete exec_us=2389
[   2.249950] INFO  sched: task=sensor_poll prio=3 dispatch cycle=225
2250 ms  INFO net: frame seq=90 len=36 crc=OK
[   2.250000] DEBUG wdt: fed count=45
[   2.250669] INFO  sched: task=sensor_poll prio=3 complete exec_us=720
[   2.259825] INFO  sched: task=sensor_poll prio=3 dispatch cycle=226
[   2.259901] INFO  sched: task=ctrl_loop prio=2 dispatch cycle=113
[   2.260670] INFO  sched: task=sensor_poll prio=3 complete exec_us=845
[   2.262538] INFO  sched: task=ctrl_loop prio=2 complete exec_us=2637
[   2.269989] INFO  sched: task=sensor_poll prio=3 dispatch cycle=227
[   2.270777] INFO  sched: task=sensor_poll prio=3 complete exec_us=787
2275 ms  INFO net: frame seq=91 len=151 crc=OK
[   2.279883] INFO  sched: task=ctrl_loop prio=2 dispatch cycle=114
[   2.280016] INFO  sched: task=sensor_poll prio=3 dispatch cycle=228
[   2.280726] INFO  sched: task=sensor_poll prio=3 complete exec_us=710
[   2.282623] INFO  sched: task=ctrl_loop prio=2 complete exec_us=2740
[   2.290031] INFO  sched: task=sensor_poll prio=3 dispatch cycle=229
[   2.290946] INFO  sched: task=sensor_poll prio=3 complete exec_us=915
2300 ms  INFO net: frame seq=92 len=197 crc=OK
[   2.300000] DEBUG wdt: fed count=46
[   2.300038] INFO  sched: task=ctrl_loop prio=2 dispatch cycle=115
[   2.300293] INFO  sched: task=sensor_poll prio=3 dispatch cycle=230
[   2.301009] INFO  sched: task=sensor_poll prio=3 complete exec_us=716
[   2.302073] INFO  sched: task=ctrl_loop prio=2 complete exec_us=2036
[   2.303741] INFO  sched: task=telemetry prio=1 dispatch cycle=23
[   2.309099] INFO  sched: task=telemetry prio=1 complete exec_us=5358
[   2.310259] INFO  sched: task=sensor_poll prio=3 dispatch cycle=231
[   2.311000] INFO  sched: task=sensor_poll prio=3 complete exec_us=741
[   2.319571] INFO  sched: task=ctrl_loop prio=2 dispatch cycle=116
[   2.319947] INFO  sched: task=sensor_poll prio=3 dispatch cycle=232
[   2.320764] INFO  sched: task=sensor_poll prio=3 complete exec_us=817
[   2.322285] INFO  sched: task=ctrl_loop prio=2 complete exec_us=2714
2325 ms  INFO net: frame seq=93 len=128 crc=OK
[   2.330091] INFO  sched: task=sensor_poll prio=3 dispatch cycle=233
[   2.330883] INFO  sched: task=sensor_poll prio=3 complete exec_us=792
[   2.339936] INFO  sched: task=ctrl_loop prio=2 dispatch cycle=117
[   2.340063] INFO  sched: task=sensor_poll prio=3 dispatch cycle=234
[   2.340879] INFO  sched: task=sensor_poll prio=3 complete exec_us=816
[   2.342237] INFO  sched: task=ctrl_loop prio=2 complete exec_us=2301
2350 ms  INFO net: frame seq=94 len=68 crc=OK
[   2.350000] DEBUG wdt: fed count=47
[   2.350004] INFO  sched: task=sensor_poll prio=3 dispatch cycle=235
[   2.350823] INFO  sched: task=sensor_poll prio=3 complete exec_us=819
[   2.359837] INFO  sched: task=sensor_poll prio=3 dispatch cycle=236
[   2.360029] INFO  sched: task=ctrl_loop prio=2 dispatch cycle=118
[   2.360574] INFO  sched: task=sensor_poll prio=3 complete exec_us=737
[   2.362237] INFO  sched: task=ctrl_loop prio=2 complete exec_us=2208
[   2.370066] INFO  sched: task=sensor_poll prio=3 dispatch cycle=237
[   2.371021] INFO  sched: task=sensor_poll prio=3 complete exec_us=956
2375 ms  INFO net: frame seq=95 len=169 crc=OK
[   2.376903] ERROR pmic: brownout detected vbat=2.93V thresh=3.00V
[   2.379807] INFO  sched: task=sensor_poll prio=3 dispatch cycle=238
[   2.379925] INFO  sched: task=ctrl_loop prio=2 dispatch cycle=119
[   2.380583] INFO  sched: task=sensor_poll prio=3 complete exec_us=776
[   2.382361] INFO  sched: task=ctrl_loop prio=2 complete exec_us=2435
[   2.389721] INFO  sched: task=sensor_poll prio=3 dispatch cycle=239
[   2.390456] INFO  sched: task=sensor_poll prio=3 complete exec_us=736
[   2.398031] INFO  sched: task=telemetry prio=1 dispatch cycle=24
2400 ms  INFO net: frame seq=96 len=73 crc=OK
[   2.400000] DEBUG wdt: fed count=48
[   2.400047] INFO  sched: task=sensor_poll prio=3 dispatch cycle=240
[   2.400852] INFO  sched: task=ctrl_loop prio=2 dispatch cycle=120
[   2.400882] INFO  sched: task=sensor_poll prio=3 complete exec_us=835
[   2.402989] INFO  sched: task=telemetry prio=1 complete exec_us=4958
[   2.403036] INFO  sched: task=ctrl_loop prio=2 complete exec_us=2184
[   2.410045] INFO  sched: task=sensor_poll prio=3 dispatch cycle=241
[   2.410819] INFO  sched: task=sensor_poll prio=3 complete exec_us=774
[   2.419748] INFO  sched: task=ctrl_loop prio=2 dispatch cycle=121
[   2.420130] INFO  sched: task=sensor_poll prio=3 dispatch cycle=242
[   2.420922] INFO  sched: task=sensor_poll prio=3 complete exec_us=792
[   2.421923] INFO  sched: task=ctrl_loop prio=2 complete exec_us=2175
2425 ms  INFO net: frame seq=97 len=242 crc=OK
[   2.430192] INFO  sched: task=sensor_poll prio=3 dispatch cycle=243
[   2.431027] INFO  sched: task=sensor_poll prio=3 complete exec_us=834
[   2.439800] INFO  sched: task=ctrl_loop prio=2 dispatch cycle=122
[   2.440132] INFO  sched: task=sensor_poll prio=3 dispatch cycle=244
[   2.440860] INFO  sched: task=sensor_poll prio=3 complete exec_us=727
[   2.442218] INFO  sched: task=ctrl_loop prio=2 complete exec_us=2417
2450 ms  INFO net: frame seq=98 len=154 crc=OK
[   2.450000] DEBUG wdt: fed count=49
[   2.450029] INFO  sched: task=sensor_poll prio=3 dispatch cycle=245
[   2.450708] INFO  sched: task=sensor_poll prio=3 complete exec_us=679
[   2.459827] INFO  sched: task=sensor_poll prio=3 dispatch cycle=246
[   2.460320] INFO  sched: task=ctrl_loop prio=2 dispatch cycle=123
[   2.460587] INFO  sched: task=sensor_poll prio=3 complete exec_us=761
[   2.462848] INFO  sched: task=ctrl_loop prio=2 complete exec_us=2529
[   2.470137] INFO  sched: task=sensor_poll prio=3 dispatch cycle=247
[   2.470868] INFO  sched: task=sensor_poll prio=3 complete exec_us=731
2475 ms  INFO net: frame seq=99 len=82 crc=OK
[   2.479389] INFO  sched: task=ctrl_loop prio=2 dispatch cycle=124
[   2.480068] INFO  sched: task=sensor_poll prio=3 dispatch cycle=248
[   2.480940] INFO  sched: task=sensor_poll prio=3 complete exec_us=872
[   2.481704] INFO  sched: task=ctrl_loop prio=2 complete exec_us=2315
[   2.489989] INFO  sched: task=sensor_poll prio=3 dispatch cycle=249
[   2.490765] INFO  sched: task=sensor_poll prio=3 complete exec_us=776
[   2.499923] INFO  sched: task=sensor_poll prio=3 dispatch cycle=250
2500 ms  INFO net: frame seq=100 len=172 crc=OK
[   2.500000] DEBUG wdt: fed count=50
[   2.500128] INFO  sched: task=telemetry prio=1 dispatch cycle=25
[   2.500450] INFO  sched: task=ctrl_loop prio=2 dispatch cycle=125
[   2.500726] INFO  sched: task=sensor_poll prio=3 complete exec_us=802
[   2.503266] INFO  sched: task=ctrl_loop prio=2 complete exec_us=2816
[   2.507284] INFO  sched: task=telemetry prio=1 complete exec_us=7156
[   2.509981] INFO  sched: task=sensor_poll prio=3 dispatch cycle=251
[   2.510718] INFO  sched: task=sensor_poll prio=3 complete exec_us=737
[   2.519787] INFO  sched: task=ctrl_loop prio=2 dispatch cycle=126
[   2.519891] INFO  sched: task=sensor_poll prio=3 dispatch cycle=252
[   2.520665] INFO  sched: task=sensor_poll prio=3 complete exec_us=774
[   2.522141] INFO  sched: task=ctrl_loop prio=2 complete exec_us=2355
2525 ms  INFO net: frame seq=101 len=39 crc=OK
[   2.530181] INFO  sched: task=sensor_poll prio=3 dispatch cycle=253
[   2.530979] INFO  sched: task=sensor_poll prio=3 complete exec_us=799
[   2.539642] INFO  sched: task=ctrl_loop prio=2 dispatch cycle=127
[   2.540121] INFO  sched: task=sensor_poll prio=3 dispatch cycle=254
[   2.540942] INFO  sched: task=sensor_poll prio=3 complete exec_us=821
[   2.542214] INFO  sched: task=ctrl_loop prio=2 complete exec_us=2572
2550 ms  INFO net: frame seq=102 len=19 crc=OK
[   2.550000] DEBUG wdt: fed count=51
[   2.550292] INFO  sched: task=sensor_poll prio=3 dispatch cycle=255
[   2.551052] INFO  sched: task=sensor_poll prio=3 complete exec_us=759
[   2.559740] INFO  sched: task=ctrl_loop prio=2 dispatch cycle=128
[   2.560274] INFO  sched: task=sensor_poll prio=3 dispatch cycle=256
[   2.561067] INFO  sched: task=sensor_poll prio=3 complete exec_us=793
[   2.561988] INFO  sched: task=ctrl_loop prio=2 complete exec_us=2247
[   2.569797] INFO  sched: task=sensor_poll prio=3 dispatch cycle=257
[   2.570583] INFO  sched: task=sensor_poll prio=3 complete exec_us=786
2575 ms  INFO net: frame seq=103 len=238 crc=OK
[   2.580220] INFO  sched: task=ctrl_loop prio=2 dispatch cycle=129
[   2.580401] INFO  sched: task=sensor_poll prio=3 dispatch cycle=258
[   2.581117] INFO  sched: task=sensor_poll prio=3 complete exec_us=716
[   2.582928] INFO  sched: task=ctrl_loop prio=2 complete exec_us=2708
[   2.590030] INFO  sched: task=sensor_poll prio=3 dispatch cycle=259
[   2.590769] INFO  sched: task=sensor_poll prio=3 complete exec_us=739
[   2.599710] INFO  sched: task=ctrl_loop prio=2 dispatch cycle=130
2600 ms  INFO net: frame seq=104 len=164 crc=OK
[   2.600000] DEBUG wdt: fed count=52
[   2.600146] INFO  sched: task=sensor_poll prio=3 dispatch cycle=260
[   2.600922] INFO  sched: task=sensor_poll prio=3 complete exec_us=776
[   2.601963] INFO  sched: task=ctrl_loop prio=2 complete exec_us=2253
[   2.602419] INFO  sched: task=telemetry prio=1 dispatch cycle=26
[   2.607365] INFO  sched: task=telemetry prio=1 complete exec_us=4946
[   2.610036] INFO  sched: task=sensor_poll prio=3 dispatch cycle=261
[   2.610861] INFO  sched: task=sensor_poll prio=3 complete exec_us=825
[   2.619933] INFO  sched: task=sensor_poll prio=3 dispatch cycle=262
[   2.620021] INFO  sched: task=ctrl_loop prio=2 dispatch cycle=131
[   2.620803] INFO  sched: task=sensor_poll prio=3 complete exec_us=870
[   2.622305] INFO  sched: task=ctrl_loop prio=2 complete exec_us=2284
2625 ms  INFO net: frame seq=105 len=119 crc=OK
[   2.630320] INFO  sched: task=sensor_poll prio=3 dispatch cycle=263
[   2.631145] INFO  sched: task=sensor_poll prio=3 complete exec_us=825
[   2.639814] INFO  sched: task=ctrl_loop prio=2 dispatch cycle=132
[   2.639832] INFO  sched: task=sensor_poll prio=3 dispatch cycle=264
[   2.640655] INFO  sched: task=sensor_poll prio=3 complete exec_us=823
[   2.642156] INFO  sched: task=ctrl_loop prio=2 complete exec_us=2343
[   2.649997] INFO  sched: task=sensor_poll prio=3 dispatch cycle=265
2650 ms  INFO net: frame seq=106 len=53 crc=OK
[   2.650000] DEBUG wdt: fed count=53
[   2.650747] INFO  sched: task=sensor_poll prio=3 complete exec_us=751
[   2.659543] INFO  sched: task=ctrl_loop prio=2 dispatch cycle=133
[   2.659937] INFO  sched: task=sensor_poll prio=3 dispatch cycle=266
[   2.660796] INFO  sched: task=sensor_poll prio=3 complete exec_us=859
[   2.662265] INFO  sched: task=ctrl_loop prio=2 complete exec_us=2722
[   2.670194] INFO  sched: task=sensor_poll prio=3 dispatch cycle=267
[   2.671077] INFO  sched: task=sensor_poll prio=3 complete exec_us=884
2675 ms  INFO net: frame seq=107 len=46 crc=FAIL
[   2.679834] INFO  sched: task=ctrl_loop prio=2 dispatch cycle=134
[   2.680552] INFO  sched: task=sensor_poll prio=3 dispatch cycle=268
[   2.681327] INFO  sched: task=sensor_poll prio=3 complete exec_us=775
[   2.682569] INFO  sched: task=ctrl_loop prio=2 complete exec_us=2736
[   2.689917] INFO  sched: task=sensor_poll prio=3 dispatch cycle=269
[   2.690743] INFO  sched: task=sensor_poll prio=3 complete exec_us=826
[   2.699389] INFO  sched: task=telemetry prio=1 dispatch cycle=27
[   2.699643] INFO  sched: task=ctrl_loop prio=2 dispatch cycle=135
[   2.699762] INFO  sched: task=sensor_poll prio=3 dispatch cycle=270
2700 ms  INFO net: frame seq=108 len=201 crc=OK
[   2.700000] DEBUG wdt: fed count=54
[   2.700579] INFO  sched: task=sensor_poll prio=3 complete exec_us=817
[   2.702017] INFO  sched: task=ctrl_loop prio=2 complete exec_us=2374
[   2.705990] INFO  sched: task=telemetry prio=1 complete exec_us=6601
[   2.709751] INFO  sched: task=sensor_poll prio=3 dispatch cycle=271
[   2.710642] INFO  sched: task=sensor_poll prio=3 complete exec_us=891
[   2.719594] INFO  sched: task=sensor_poll prio=3 dispatch cycle=272
[   2.720084] INFO  sched: task=ctrl_loop prio=2 dispatch cycle=136
[   2.720422] INFO  sched: task=sensor_poll prio=3 complete exec_us=829
[   2.722534] INFO  sched: task=ctrl_loop prio=2 complete exec_us=2450
2725 ms  INFO net: frame seq=109 len=250 crc=OK
[   2.729956] INFO  sched: task=sensor_poll prio=3 dispatch cycle=273
[   2.730799] INFO  sched: task=sensor_poll prio=3 complete exec_us=843
[   2.740106] INFO  sched: task=sensor_poll prio=3 dispatch cycle=274
[   2.740487] INFO  sched: task=ctrl_loop prio=2 dispatch cycle=137
[   2.740908] INFO  sched: task=sensor_poll prio=3 complete exec_us=802
[   2.743442] INFO  sched: task=ctrl_loop prio=2 complete exec_us=2954
[   2.749883] INFO  sched: task=sensor_poll prio=3 dispatch cycle=275
2750 ms  INFO net: frame seq=110 len=126 crc=OK
[   2.750000] DEBUG wdt: fed count=55
[   2.750675] INFO  sched: task=sensor_poll prio=3 complete exec_us=792
[   2.760058] INFO  sched: task=ctrl_loop prio=2 dispatch cycle=138
[   2.760098] INFO  sched: task=sensor_poll prio=3 dispatch cycle=276
[   2.760996] INFO  sched: task=sensor_poll prio=3 complete exec_us=899
[   2.762722] INFO  sched: task=ctrl_loop prio=2 complete exec_us=2664
[   2.770348] INFO  sched: task=sensor_poll prio=3 dispatch cycle=277
[   2.771134] INFO  sched: task=sensor_poll prio=3 complete exec_us=786
2775 ms  INFO net: frame seq=111 len=236 crc=OK
[   2.780125] INFO  sched: task=sensor_poll prio=3 dispatch cycle=278
[   2.780569] INFO  sched: task=ctrl_loop prio=2 dispatch cycle=139
[   2.780933] INFO  sched: task=sensor_poll prio=3 complete exec_us=808
[   2.782889] INFO  sched: task=ctrl_loop prio=2 complete exec_us=2320
[   2.789834] INFO  sched: task=sensor_poll prio=3 dispatch cycle=279
[   2.790657] INFO  sched: task=sensor_poll prio=3 complete exec_us=822
[   2.799915] INFO  sched: task=sensor_poll prio=3 dispatch cycle=280
2800 ms  INFO net: frame seq=112 len=33 crc=OK
[   2.800000] DEBUG wdt: fed count=56
[   2.800132] INFO  sched: task=ctrl_loop prio=2 dispatch cycle=140
[   2.800707] INFO  sched: task=sensor_poll prio=3 complete exec_us=792
[   2.802261] INFO  sched: task=telemetry prio=1 dispatch cycle=28
[   2.802455] INFO  sched: task=ctrl_loop prio=2 complete exec_us=2323
[   2.807611] INFO  sched: task=telemetry prio=1 complete exec_us=5350
[   2.810006] INFO  sched: task=sensor_poll prio=3 dispatch cycle=281
[   2.810914] INFO  sched: task=sensor_poll prio=3 complete exec_us=908
[   2.819779] INFO  sched: task=ctrl_loop prio=2 dispatch cycle=141
[   2.819996] INFO  sched: task=sensor_poll prio=3 dispatch cycle=282
[   2.820814] INFO  sched: task=sensor_poll prio=3 complete exec_us=818
[   2.822419] INFO  sched: task=ctrl_loop prio=2 complete exec_us=2640
2825 ms  INFO net: frame seq=113 len=74 crc=OK
[   2.829791] INFO  sched: task=sensor_poll prio=3 dispatch cycle=283
[   2.830527] INFO  sched: task=sensor_poll prio=3 complete exec_us=735
[   2.839893] INFO  sched: task=ctrl_loop prio=2 dispatch cycle=142
[   2.840054] INFO  sched: task=sensor_poll prio=3 dispatch cycle=284
[   2.840812] INFO  sched: task=sensor_poll prio=3 complete exec_us=758
[   2.842227] INFO  sched: task=ctrl_loop prio=2 complete exec_us=2334
2850 ms  INFO net: frame seq=114 len=231 crc=OK
[   2.850000] DEBUG wdt: fed count=57
[   2.850018] INFO  sched: task=sensor_poll prio=3 dispatch cycle=285
[   2.850713] INFO  sched: task=sensor_poll prio=3 complete exec_us=694
[   2.859352] INFO  sched: task=ctrl_loop prio=2 dispatch cycle=143
[   2.860123] INFO  sched: task=sensor_poll prio=3 dispatch cycle=286
[   2.860857] INFO  sched: task=sensor_poll prio=3 complete exec_us=734
[   2.861705] INFO  sched: task=ctrl_loop prio=2 complete exec_us=2353
[   2.870018] INFO  sched: task=sensor_poll prio=3 dispatch cycle=287
[   2.870828] INFO  sched: task=sensor_poll prio=3 complete exec_us=810
2875 ms  INFO net: frame seq=115 len=142 crc=FAIL
[   2.879553] INFO  sched: task=ctrl_loop prio=2 dispatch cycle=144
[   2.880347] INFO  sched: task=sensor_poll prio=3 dispatch cycle=288
[   2.881068] INFO  sched: task=sensor_poll prio=3 complete exec_us=721
[   2.882175] INFO  sched: task=ctrl_loop prio=2 complete exec_us=2622
[   2.889767] INFO  sched: task=sensor_poll prio=3 dispatch cycle=289
[   2.890448] INFO  sched: task=sensor_poll prio=3 complete exec_us=681
[   2.898884] INFO  sched: task=telemetry prio=1 dispatch cycle=29
[   2.899835] INFO  sched: task=sensor_poll prio=3 dispatch cycle=290
[   2.899978] INFO  sched: task=ctrl_loop prio=2 dispatch cycle=145
2900 ms  INFO net: frame seq=116 len=97 crc=OK
[   2.900000] DEBUG wdt: fed count=58
[   2.900597] INFO  sched: task=sensor_poll prio=3 complete exec_us=763
[   2.902383] INFO  sched: task=ctrl_loop prio=2 complete exec_us=2405
[   2.905104] INFO  sched: task=telemetry prio=1 complete exec_us=6220
[   2.910061] INFO  sched: task=sensor_poll prio=3 dispatch cycle=291
[   2.910894] INFO  sched: task=sensor_poll prio=3 complete exec_us=834
[   2.920251] INFO  sched: task=sensor_poll prio=3 dispatch cycle=292
[   2.920401] INFO  sched: task=ctrl_loop prio=2 dispatch cycle=146
[   2.921048] INFO  sched: task=sensor_poll prio=3 complete exec_us=796
[   2.922950] INFO  sched: task=ctrl_loop prio=2 complete exec_us=2549
2925 ms  INFO net: frame seq=117 len=49 crc=OK
[   2.929868] INFO  sched: task=sensor_poll prio=3 dispatch cycle=293
[   2.930721] INFO  sched: task=sensor_poll prio=3 complete exec_us=853
[   2.939516] INFO  sched: task=sensor_poll prio=3 dispatch cycle=294
[   2.939539] INFO  sched: task=ctrl_loop prio=2 dispatch cycle=147
[   2.940361] INFO  sched: task=sensor_poll prio=3 complete exec_us=845
[   2.941872] INFO  sched: task=ctrl_loop prio=2 complete exec_us=2333
[   2.949904] INFO  sched: task=sensor_poll prio=3 dispatch cycle=295
2950 ms  INFO net: frame seq=118 len=207 crc=OK
[   2.950000] DEBUG wdt: fed count=59
[   2.950771] INFO  sched: task=sensor_poll prio=3 complete exec_us=867
[   2.960145] INFO  sched: task=ctrl_loop prio=2 dispatch cycle=148
[   2.960222] INFO  sched: task=sensor_poll prio=3 dispatch cycle=296
[   2.960932] INFO  sched: task=sensor_poll prio=3 complete exec_us=709
[   2.962495] INFO  sched: task=ctrl_loop prio=2 complete exec_us=2350
[   2.969962] INFO  sched: task=sensor_poll prio=3 dispatch cycle=297
[   2.970752] INFO  sched: task=sensor_poll prio=3 complete exec_us=790
2975 ms  INFO net: frame seq=119 len=147 crc=OK
[   2.979719] INFO  sched: task=ctrl_loop prio=2 dispatch cycle=149
[   2.979780] INFO  sched: task=sensor_poll prio=3 dispatch cycle=298
[   2.980559] INFO  sched: task=sensor_poll prio=3 complete exec_us=779
[   2.982186] INFO  sched: task=ctrl_loop prio=2 complete exec_us=2466
[   2.989889] INFO  sched: task=sensor_poll prio=3 dispatch cycle=299
[   2.990561] INFO  sched: task=sensor_poll prio=3 complete exec_us=672
[   2.999906] INFO  sched: task=sensor_poll prio=3 dispatch cycle=300
3000 ms  INFO net: frame seq=120 len=215 crc=OK
[   3.000000] DEBUG wdt: fed count=60
[   3.000350] INFO  sched: task=ctrl_loop prio=2 dispatch cycle=150
[   3.000655] INFO  sched: task=sensor_poll prio=3 complete exec_us=750
[   3.002945] INFO  sched: task=ctrl_loop prio=2 complete exec_us=2595
[   3.004341] INFO  sched: task=telemetry prio=1 dispatch cycle=30
[   3.010147] INFO  sched: task=telemetry prio=1 complete exec_us=5806
[   3.010403] INFO  sched: task=sensor_poll prio=3 dispatch cycle=301
[   3.011110] INFO  sched: task=sensor_poll prio=3 complete exec_us=707
[   3.019993] INFO  sched: task=ctrl_loop prio=2 dispatch cycle=151
[   3.020152] INFO  sched: task=sensor_poll prio=3 dispatch cycle=302
[   3.021079] INFO  sched: task=sensor_poll prio=3 complete exec_us=927
[   3.022607] INFO  sched: task=ctrl_loop prio=2 complete exec_us=2614
3025 ms  INFO net: frame seq=121 len=256 crc=OK
[   3.029721] INFO  sched: task=sensor_poll prio=3 dispatch cycle=303
[   3.030596] INFO  sched: task=sensor_poll prio=3 complete exec_us=875
[   3.039936] INFO  sched: task=sensor_poll prio=3 dispatch cycle=304
[   3.040299] INFO  sched: task=ctrl_loop prio=2 dispatch cycle=152
[   3.040882] INFO  sched: task=sensor_poll prio=3 complete exec_us=946
[   3.043203] INFO  sched: task=ctrl_loop prio=2 complete exec_us=2904
[   3.049918] INFO  sched: task=sensor_poll prio=3 dispatch cycle=305
3050 ms  INFO net: frame seq=122 len=178 crc=OK
[   3.050000] DEBUG wdt: fed count=61
[   3.050773] INFO  sched: task=sensor_poll prio=3 complete exec_us=855
[   3.060103] INFO  sched: task=sensor_poll prio=3 dispatch cycle=306
[   3.060378] INFO  sched: task=ctrl_loop prio=2 dispatch cycle=153
[   3.060936] INFO  sched: task=sensor_poll prio=3 complete exec_us=833
[   3.062719] INFO  sched: task=ctrl_loop prio=2 complete exec_us=2342
[   3.070127] INFO  sched: task=sensor_poll prio=3 dispatch cycle=307
[   3.070948] INFO  sched: task=sensor_poll prio=3 complete exec_us=821
3075 ms  INFO net: frame seq=123 len=69 crc=OK
[   3.079993] INFO  sched: task=ctrl_loop prio=2 dispatch cycle=154
[   3.080215] INFO  sched: task=sensor_poll prio=3 dispatch cycle=308
[   3.081050] INFO  sched: task=sensor_poll prio=3 complete exec_us=835
[   3.082562] INFO  sched: task=ctrl_loop prio=2 complete exec_us=2569
[   3.090149] INFO  sched: task=sensor_poll prio=3 dispatch cycle=309
[   3.090877] INFO  sched: task=sensor_poll prio=3 complete exec_us=728
[   3.099446] INFO  sched: task=telemetry prio=1 dispatch cycle=31
3100 ms  INFO net: frame seq=124 len=88 crc=OK
[   3.100000] DEBUG wdt: fed count=62
[   3.100032] INFO  sched: task=ctrl_loop prio=2 dispatch cycle=155
[   3.100163] INFO  sched: task=sensor_poll prio=3 dispatch cycle=310
[   3.100964] INFO  sched: task=sensor_poll prio=3 complete exec_us=802
[   3.102613] INFO  sched: task=ctrl_loop prio=2 complete exec_us=2581
[   3.104918] INFO  sched: task=telemetry prio=1 complete exec_us=5472
[   3.110143] INFO  sched: task=sensor_poll prio=3 dispatch cycle=311
[   3.110963] INFO  sched: task=sensor_poll prio=3 complete exec_us=820
[   3.119486] INFO  sched: task=ctrl_loop prio=2 dispatch cycle=156
[   3.119972] INFO  sched: task=sensor_poll prio=3 dispatch cycle=312
[   3.120847] INFO  sched: task=sensor_poll prio=3 complete exec_us=875
[   3.121926] INFO  sched: task=ctrl_loop prio=2 complete exec_us=2439
3125 ms  INFO net: frame seq=125 len=167 crc=OK
[   3.130044] INFO  sched: task=sensor_poll prio=3 dispatch cycle=313
[   3.130995] INFO  sched: task=sensor_poll prio=3 complete exec_us=950
[   3.139965] INFO  sched: task=ctrl_loop prio=2 dispatch cycle=157
[   3.140104] INFO  sched: task=sensor_poll prio=3 dispatch cycle=314
[   3.140883] INFO  sched: task=sensor_poll prio=3 complete exec_us=779
[   3.142311] INFO  sched: task=ctrl_loop prio=2 complete exec_us=2346
[   3.149868] INFO  sched: task=sensor_poll prio=3 dispatch cycle=315
3150 ms  INFO net: frame seq=126 len=158 crc=OK
[   3.150000] DEBUG wdt: fed count=63
[   3.150591] INFO  sched: task=sensor_poll prio=3 complete exec_us=723
[   3.159665] INFO  sched: task=ctrl_loop prio=2 dispatch cycle=158
[   3.160318] INFO  sched: task=sensor_poll prio=3 dispatch cycle=316
[   3.161152] INFO  sched: task=sensor_poll prio=3 complete exec_us=834
[   3.161913] INFO  sched: task=ctrl_loop prio=2 complete exec_us=2249
[   3.170138] INFO  sched: task=sensor_poll prio=3 dispatch cycle=317
[   3.171041] INFO  sched: task=sensor_poll prio=3 complete exec_us=904
3175 ms  INFO net: frame seq=127 len=242 crc=OK
[   3.180001] INFO  sched: task=ctrl_loop prio=2 dispatch cycle=159
[   3.180485] INFO  sched: task=sensor_poll prio=3 dispatch cycle=318
[   3.181331] INFO  sched: task=sensor_poll prio=3 complete exec_us=846
[   3.182739] INFO  sched: task=ctrl_loop prio=2 complete exec_us=2739
[   3.189930] INFO  sched: task=sensor_poll prio=3 dispatch cycle=319
[   3.190749] INFO  sched: task=sensor_poll prio=3 complete exec_us=819
3200 ms  INFO net: frame seq=128 len=236 crc=OK
[   3.200000] DEBUG wdt: fed count=64
[   3.200162] INFO  sched: task=sensor_poll prio=3 dispatch cycle=320
[   3.200197] INFO  sched: task=ctrl_loop prio=2 dispatch cycle=160
[   3.200375] INFO  sched: task=telemetry prio=1 dispatch cycle=32
[   3.200958] INFO  sched: task=sensor_poll prio=3 complete exec_us=796
[   3.202421] INFO  sched: task=ctrl_loop prio=2 complete exec_us=2224
[   3.206398] INFO  sched: task=telemetry prio=1 complete exec_us=6023
[   3.210064] INFO  sched: task=sensor_poll prio=3 dispatch cycle=321
[   3.210888] INFO  sched: task=sensor_poll prio=3 complete exec_us=825
[   3.219530] INFO  sched: task=ctrl_loop prio=2 dispatch cycle=161
[   3.220069] INFO  sched: task=sensor_poll prio=3 dispatch cycle=322
[   3.220857] INFO  sched: task=sensor_poll prio=3 complete exec_us=788
[   3.221901] INFO  sched: task=ctrl_loop prio=2 complete exec_us=2372
3225 ms  INFO net: frame seq=129 len=39 crc=OK
[   3.230631] INFO  sched: task=sensor_poll prio=3 dispatch cycle=323
[   3.231355] INFO  sched: task=sensor_poll prio=3 complete exec_us=724
[   3.239359] INFO  sched: task=ctrl_loop prio=2 dispatch cycle=162
[   3.240005] INFO  sched: task=sensor_poll prio=3 dispatch cycle=324
[   3.240861] INFO  sched: task=sensor_poll prio=3 complete exec_us=856
[   3.242010] INFO  sched: task=ctrl_loop prio=2 complete exec_us=2651
[   3.249690] INFO  sched: task=sensor_poll prio=3 dispatch cycle=325
3250 ms  INFO net: frame seq=130 len=238 crc=OK
[   3.250000] DEBUG wdt: fed count=65
[   3.250498] INFO  sched: task=sensor_poll prio=3 complete exec_us=809
[   3.259958] INFO  sched: task=ctrl_loop prio=2 dispatch cycle=163
[   3.260182] INFO  sched: task=sensor_poll prio=3 dispatch cycle=326
[   3.260990] INFO  sched: task=sensor_poll prio=3 complete exec_us=807
[   3.262314] INFO  sched: task=ctrl_loop prio=2 complete exec_us=2356
[   3.270052] INFO  sched: task=sensor_poll prio=3 dispatch cycle=327
[   3.270775] INFO  sched: task=sensor_poll prio=3 complete exec_us=724
3275 ms  INFO net: frame seq=131 len=141 crc=OK
[   3.279749] INFO  sched: task=ctrl_loop prio=2 dispatch cycle=164
[   3.279790] INFO  sched: task=sensor_poll prio=3 dispatch cycle=328
[   3.280575] INFO  sched: task=sensor_poll prio=3 complete exec_us=785
[   3.282026] INFO  sched: task=ctrl_loop prio=2 complete exec_us=2277
[   3.290067] INFO  sched: task=sensor_poll prio=3 dispatch cycle=329
[   3.290832] INFO  sched: task=sensor_poll prio=3 complete exec_us=765
[   3.299984] INFO  sched: task=ctrl_loop prio=2 dispatch cycle=165
3300 ms  INFO net: frame seq=132 len=255 crc=OK
[   3.300000] DEBUG wdt: fed count=66
[   3.300354] INFO  sched: task=sensor_poll prio=3 dispatch cycle=330
[   3.301107] INFO  sched: task=sensor_poll prio=3 complete exec_us=752
[   3.302494] INFO  sched: task=ctrl_loop prio=2 complete exec_us=2510
[   3.302606] INFO  sched: task=telemetry prio=1 dispatch cycle=33
[   3.308482] INFO  sched: task=telemetry prio=1 complete exec_us=5876
[   3.310373] INFO  sched: task=sensor_poll prio=3 dispatch cycle=331
[   3.311147] INFO  sched: task=sensor_poll prio=3 complete exec_us=774
[   3.319987] INFO  sched: task=sensor_poll prio=3 dispatch cycle=332
[   3.320133] INFO  sched: task=ctrl_loop prio=2 dispatch cycle=166
[   3.320827] INFO  sched: task=sensor_poll prio=3 complete exec_us=840
[   3.322767] INFO  sched: task=ctrl_loop prio=2 complete exec_us=2634
3325 ms  INFO net: frame seq=133 len=81 crc=OK
[   3.330203] INFO  sched: task=sensor_poll prio=3 dispatch cycle=333
[   3.330995] INFO  sched: task=sensor_poll prio=3 complete exec_us=792
[   3.340025] INFO  sched: task=sensor_poll prio=3 dispatch cycle=334
[   3.340201] INFO  sched: task=ctrl_loop prio=2 dispatch cycle=167
[   3.340832] INFO  sched: task=sensor_poll prio=3 complete exec_us=807
[   3.342830] INFO  sched: task=ctrl_loop prio=2 complete exec_us=2629
3350 ms  INFO net: frame seq=134 len=73 crc=OK
[   3.350000] DEBUG wdt: fed count=67
[   3.350169] INFO  sched: task=sensor_poll prio=3 dispatch cycle=335
[   3.350790] INFO  sched: task=sensor_poll prio=3 complete exec_us=622
[   3.359663] INFO  sched: task=sensor_poll prio=3 dispatch cycle=336
[   3.360341] INFO  sched: task=ctrl_loop prio=2 dispatch cycle=168
[   3.360447] INFO  sched: task=sensor_poll prio=3 complete exec_us=784
[   3.363032] INFO  sched: task=ctrl_loop prio=2 complete exec_us=2692
[   3.369791] INFO  sched: task=sensor_poll prio=3 dispatch cycle=337
[   3.370575] INFO  sched: task=sensor_poll prio=3 complete exec_us=784
3375 ms  INFO net: frame seq=135 len=128 crc=OK
[   3.379821] INFO  sched: task=ctrl_loop prio=2 dispatch cycle=169
[   3.379857] INFO  sched: task=sensor_poll prio=3 dispatch cycle=338
[   3.380626] INFO  sched: task=sensor_poll prio=3 complete exec_us=769
[   3.381833] INFO  sched: task=ctrl_loop prio=2 complete exec_us=2012
[   3.389877] INFO  sched: task=sensor_poll prio=3 dispatch cycle=339
[   3.390715] INFO  sched: task=sensor_poll prio=3 complete exec_us=837
[   3.399548] INFO  sched: task=sensor_poll prio=3 dispatch cycle=340
[   3.399842] INFO  sched: task=ctrl_loop prio=2 dispatch cycle=170
3400 ms  INFO net: frame seq=136 len=161 crc=OK
[   3.400000] DEBUG wdt: fed count=68
[   3.400248] INFO  sched: task=sensor_poll prio=3 complete exec_us=700
[   3.400313] INFO  sched: task=telemetry prio=1 dispatch cycle=34
[   3.402216] INFO  sched: task=ctrl_loop prio=2 complete exec_us=2374
[   3.406394] INFO  sched: task=telemetry prio=1 complete exec_us=6081
[   3.410246] INFO  sched: task=sensor_poll prio=3 dispatch cycle=341
[   3.410959] INFO  sched: task=sensor_poll prio=3 complete exec_us=713
[   3.419360] INFO  sched: task=ctrl_loop prio=2 dispatch cycle=171
[   3.420157] INFO  sched: task=sensor_poll prio=3 dispatch cycle=342
[   3.420950] INFO  sched: task=sensor_poll prio=3 complete exec_us=793
[   3.421868] INFO  sched: task=ctrl_loop prio=2 complete exec_us=2508
3425 ms  INFO net: frame seq=137 len=50 crc=OK
[   3.429675] INFO  sched: task=sensor_poll prio=3 dispatch cycle=343
[   3.430475] INFO  sched: task=sensor_poll prio=3 complete exec_us=800
[   3.439900] INFO  sched: task=sensor_poll prio=3 dispatch cycle=344
[   3.440124] INFO  sched: task=ctrl_loop prio=2 dispatch cycle=172
[   3.440662] INFO  sched: task=sensor_poll prio=3 complete exec_us=761
[   3.442692] INFO  sched: task=ctrl_loop prio=2 complete exec_us=2568
[   3.449782] INFO  sched: task=sensor_poll prio=3 dispatch cycle=345
3450 ms  INFO net: frame seq=138 len=214 crc=OK
[   3.450000] DEBUG wdt: fed count=69
[   3.450602] INFO  sched: task=sensor_poll prio=3 complete exec_us=820
[   3.460179] INFO  sched: task=ctrl_loop prio=2 dispatch cycle=173
[   3.460415] INFO  sched: task=sensor_poll prio=3 dispatch cycle=346
[   3.461090] INFO  sched: task=sensor_poll prio=3 complete exec_us=675
[   3.462486] INFO  sched: task=ctrl_loop prio=2 complete exec_us=2306
[   3.469741] INFO  sched: task=sensor_poll prio=3 dispatch cycle=347
[   3.470571] INFO  sched: task=sensor_poll prio=3 complete exec_us=830
3475 ms  INFO net: frame seq=139 len=235 crc=OK
[   3.479654] INFO  sched: task=sensor_poll prio=3 dispatch cycle=348
[   3.480506] INFO  sched: task=sensor_poll prio=3 complete exec_us=853
[   3.480710] INFO  sched: task=ctrl_loop prio=2 dispatch cycle=174
[   3.483265] INFO  sched: task=ctrl_loop prio=2 complete exec_us=2554
[   3.490366] INFO  sched: task=sensor_poll prio=3 dispatch cycle=349
[   3.491209] INFO  sched: task=sensor_poll prio=3 complete exec_us=843
[   3.499578] INFO  sched: task=ctrl_loop prio=2 dispatch cycle=175
3500 ms  INFO net: frame seq=140 len=70 crc=OK
[   3.500000] DEBUG wdt: fed count=70
[   3.500190] INFO  sched: task=sensor_poll prio=3 dispatch cycle=350
[   3.500983] INFO  sched: task=sensor_poll prio=3 complete exec_us=793
[   3.501194] INFO  sched: task=telemetry prio=1 dispatch cycle=35
[   3.502293] INFO  sched: task=ctrl_loop prio=2 complete exec_us=2715
[   3.507738] INFO  sched: task=telemetry prio=1 complete exec_us=6545
[   3.509604] INFO  sched: task=sensor_poll prio=3 dispatch cycle=351
[   3.510367] INFO  sched: task=sensor_poll prio=3 complete exec_us=762
[   3.520212] INFO  sched: task=sensor_poll prio=3 dispatch cycle=352
[   3.520661] INFO  sched: task=ctrl_loop prio=2 dispatch cycle=176
[   3.520942] INFO  sched: task=sensor_poll prio=3 complete exec_us=730
[   3.523176] INFO  sched: task=ctrl_loop prio=2 complete exec_us=2515
3525 ms  INFO net: frame seq=141 len=18 crc=OK
[   3.529926] INFO  sched: task=sensor_poll prio=3 dispatch cycle=353
[   3.530793] INFO  sched: task=sensor_poll prio=3 complete exec_us=868
[   3.539798] INFO  sched: task=sensor_poll prio=3 dispatch cycle=354
[   3.540565] INFO  sched: task=ctrl_loop prio=2 dispatch cycle=177
[   3.540660] INFO  sched: task=sensor_poll prio=3 complete exec_us=863
[   3.542761] INFO  sched: task=ctrl_loop prio=2 complete exec_us=2196
[   3.549903] INFO  sched: task=sensor_poll prio=3 dispatch cycle=355
3550 ms  INFO net: frame seq=142 len=218 crc=OK
[   3.550000] DEBUG wdt: fed count=71
[   3.550686] INFO  sched: task=sensor_poll prio=3 complete exec_us=783
[   3.559810] INFO  sched: task=sensor_poll prio=3 dispatch cycle=356
[   3.559846] INFO  sched: task=ctrl_loop prio=2 dispatch cycle=178
[   3.560670] INFO  sched: task=sensor_poll prio=3 complete exec_us=860
[   3.562285] INFO  sched: task=ctrl_loop prio=2 complete exec_us=2439
[   3.570153] INFO  sched: task=sensor_poll prio=3 dispatch cycle=357
[   3.570979] INFO  sched: task=sensor_poll prio=3 complete exec_us=826
3575 ms  INFO net: frame seq=143 len=209 crc=FAIL
[   3.579781] INFO  sched: task=ctrl_loop prio=2 dispatch cycle=179
[   3.580245] INFO  sched: task=sensor_poll prio=3 dispatch cycle=358
[   3.581058] INFO  sched: task=sensor_poll prio=3 complete exec_us=814
[   3.582109] INFO  sched: task=ctrl_loop prio=2 complete exec_us=2328
[   3.589681] INFO  sched: task=sensor_poll prio=3 dispatch cycle=359
[   3.590460] INFO  sched: task=sensor_poll prio=3 complete exec_us=779
>>> raw dump 0xDEADBEEF 0x0000 0xFFFF garbage
3600 ms  INFO net: frame seq=144 len=233 crc=OK
[   3.600000] DEBUG wdt: fed count=72
[   3.600175] INFO  sched: task=ctrl_loop prio=2 dispatch cycle=180
[   3.600231] INFO  sched: task=sensor_poll prio=3 dispatch cycle=360
[   3.600376] INFO  sched: task=telemetry prio=1 dispatch cycle=36
[   3.600918] INFO  sched: task=sensor_poll prio=3 complete exec_us=687
[   3.602858] INFO  sched: task=ctrl_loop prio=2 complete exec_us=2683
[   3.607486] INFO  sched: task=telemetry prio=1 complete exec_us=7111
[   3.609958] INFO  sched: task=sensor_poll prio=3 dispatch cycle=361
[   3.610730] INFO  sched: task=sensor_poll prio=3 complete exec_us=772
[   3.619211] INFO  sched: task=ctrl_loop prio=2 dispatch cycle=181
[   3.619836] INFO  sched: task=sensor_poll prio=3 dispatch cycle=362
[   3.620683] INFO  sched: task=sensor_poll prio=3 complete exec_us=847
[   3.621782] INFO  sched: task=ctrl_loop prio=2 complete exec_us=2571
3625 ms  INFO net: frame seq=145 len=67 crc=OK
[   3.629970] INFO  sched: task=sensor_poll prio=3 dispatch cycle=363
[   3.630808] INFO  sched: task=sensor_poll prio=3 complete exec_us=838
[   3.639932] INFO  sched: task=sensor_poll prio=3 dispatch cycle=364
[   3.639994] INFO  sched: task=ctrl_loop prio=2 dispatch cycle=182
[   3.640717] INFO  sched: task=sensor_poll prio=3 complete exec_us=785
[   3.642641] INFO  sched: task=ctrl_loop prio=2 complete exec_us=2647
[   3.649985] INFO  sched: task=sensor_poll prio=3 dispatch cycle=365
3650 ms  INFO net: frame seq=146 len=116 crc=OK
[   3.650000] DEBUG wdt: fed count=73
[   3.650791] INFO  sched: task=sensor_poll prio=3 complete exec_us=806
[   3.660065] INFO  sched: task=sensor_poll prio=3 dispatch cycle=366
[   3.660107] INFO  sched: task=ctrl_loop prio=2 dispatch cycle=183
[   3.660909] INFO  sched: task=sensor_poll prio=3 complete exec_us=844
[   3.662423] INFO  sched: task=ctrl_loop prio=2 complete exec_us=2316
[   3.669788] INFO  sched: task=sensor_poll prio=3 dispatch cycle=367
[   3.670583] INFO  sched: task=sensor_poll prio=3 complete exec_us=795
3675 ms  INFO net: frame seq=147 len=167 crc=OK
[   3.679818] INFO  sched: task=ctrl_loop prio=2 dispatch cycle=184
[   3.679885] INFO  sched: task=sensor_poll prio=3 dispatch cycle=368
[   3.680631] INFO  sched: task=sensor_poll prio=3 complete exec_us=746
[   3.682120] INFO  sched: task=ctrl_loop prio=2 complete exec_us=2302
[   3.690304] INFO  sched: task=sensor_poll prio=3 dispatch cycle=369
[   3.691092] INFO  sched: task=sensor_poll prio=3 complete exec_us=788
[   3.699687] INFO  sched: task=sensor_poll prio=3 dispatch cycle=370
[   3.699747] INFO  sched: task=ctrl_loop prio=2 dispatch cycle=185
3700 ms  INFO net: frame seq=148 len=82 crc=OK
[   3.700000] DEBUG wdt: fed count=74
[   3.700523] INFO  sched: task=sensor_poll prio=3 complete exec_us=836
[   3.701891] INFO  sched: task=ctrl_loop prio=2 complete exec_us=2144
[   3.702261] INFO  sched: task=telemetry prio=1 dispatch cycle=37
[   3.709298] INFO  sched: task=telemetry prio=1 complete exec_us=7037
[   3.710025] INFO  sched: task=sensor_poll prio=3 dispatch cycle=371
[   3.710829] INFO  sched: task=sensor_poll prio=3 complete exec_us=803
[   3.719626] INFO  sched: task=sensor_poll prio=3 dispatch cycle=372
[   3.719654] INFO  sched: task=ctrl_loop prio=2 dispatch cycle=186
[   3.720486] INFO  sched: task=sensor_poll prio=3 complete exec_us=860
[   3.722288] INFO  sched: task=ctrl_loop prio=2 complete exec_us=2635
3725 ms  INFO net: frame seq=149 len=56 crc=OK
[   3.729898] INFO  sched: task=sensor_poll prio=3 dispatch cycle=373
[   3.730752] INFO  sched: task=sensor_poll prio=3 complete exec_us=854
[   3.740100] INFO  sched: task=sensor_poll prio=3 dispatch cycle=374
[   3.740486] INFO  sched: task=ctrl_loop prio=2 dispatch cycle=187
[   3.740873] INFO  sched: task=sensor_poll prio=3 complete exec_us=773
[   3.742897] INFO  sched: task=ctrl_loop prio=2 complete exec_us=2411
3750 ms  INFO net: frame seq=150 len=232 crc=OK
[   3.750000] DEBUG wdt: fed count=75
[   3.750243] INFO  sched: task=sensor_poll prio=3 dispatch cycle=375
[   3.751089] INFO  sched: task=sensor_poll prio=3 complete exec_us=845
[   3.760224] INFO  sched: task=sensor_poll prio=3 dispatch cycle=376
[   3.760710] INFO  sched: task=ctrl_loop prio=2 dispatch cycle=188
[   3.760995] INFO  sched: task=sensor_poll prio=3 complete exec_us=771
[   3.763383] INFO  sched: task=ctrl_loop prio=2 complete exec_us=2673
[   3.770125] INFO  sched: task=sensor_poll prio=3 dispatch cycle=377
[   3.770947] INFO  sched: task=sensor_poll prio=3 complete exec_us=822
3775 ms  INFO net: frame seq=151 len=228 crc=OK
[   3.779794] INFO  sched: task=ctrl_loop prio=2 dispatch cycle=189
[   3.780155] INFO  sched: task=sensor_poll prio=3 dispatch cycle=378
[   3.780897] INFO  sched: task=sensor_poll prio=3 complete exec_us=742
[   3.782357] INFO  sched: task=ctrl_loop prio=2 complete exec_us=2564
[   3.790292] INFO  sched: task=sensor_poll prio=3 dispatch cycle=379
[   3.791083] INFO  sched: task=sensor_poll prio=3 complete exec_us=790
[   3.798872] INFO  sched: task=telemetry prio=1 dispatch cycle=38
[   3.799919] INFO  sched: task=ctrl_loop prio=2 dispatch cycle=190
3800 ms  INFO net: frame seq=152 len=249 crc=OK
[   3.800000] DEBUG wdt: fed count=76
[   3.800050] INFO  sched: task=sensor_poll prio=3 dispatch cycle=380
[   3.800898] INFO  sched: task=sensor_poll prio=3 complete exec_us=848
[   3.802266] INFO  sched: task=ctrl_loop prio=2 complete exec_us=2347
[   3.804397] INFO  sched: task=telemetry prio=1 complete exec_us=5525
[   3.810165] INFO  sched: task=sensor_poll prio=3 dispatch cycle=381
[   3.811020] INFO  sched: task=sensor_poll prio=3 complete exec_us=855
[   3.819533] INFO  sched: task=ctrl_loop prio=2 dispatch cycle=191
[   3.819790] INFO  sched: task=sensor_poll prio=3 dispatch cycle=382
[   3.820672] INFO  sched: task=sensor_poll prio=3 complete exec_us=881
3825 ms  INFO net: frame seq=153 len=166 crc=OK
[   3.830205] INFO  sched: task=sensor_poll prio=3 dispatch cycle=383
[   3.830714] INFO  sched: task=ctrl_loop prio=2 complete exec_us=11181
[   3.830928] INFO  sched: task=sensor_poll prio=3 complete exec_us=723
[   3.839558] INFO  sched: task=ctrl_loop prio=2 dispatch cycle=192
[   3.840198] INFO  sched: task=sensor_poll prio=3 dispatch cycle=384
[   3.841022] INFO  sched: task=sensor_poll prio=3 complete exec_us=823
[   3.842281] INFO  sched: task=ctrl_loop prio=2 complete exec_us=2723
3850 ms  INFO net: frame seq=154 len=185 crc=OK
[   3.850000] DEBUG wdt: fed count=77
[   3.850140] INFO  sched: task=sensor_poll prio=3 dispatch cycle=385
[   3.851054] INFO  sched: task=sensor_poll prio=3 complete exec_us=914
[   3.860208] INFO  sched: task=sensor_poll prio=3 dispatch cycle=386
[   3.860297] INFO  sched: task=ctrl_loop prio=2 dispatch cycle=193
[   3.860881] INFO  sched: task=sensor_poll prio=3 complete exec_us=673
[   3.862812] INFO  sched: task=ctrl_loop prio=2 complete exec_us=2515
[   3.870172] INFO  sched: task=sensor_poll prio=3 dispatch cycle=387
[   3.870941] INFO  sched: task=sensor_poll prio=3 complete exec_us=769
3875 ms  INFO net: frame seq=155 len=97 crc=OK
[   3.880022] INFO  sched: task=sensor_poll prio=3 dispatch cycle=388
[   3.880026] INFO  sched: task=ctrl_loop prio=2 dispatch cycle=194
[   3.880837] INFO  sched: task=sensor_poll prio=3 complete exec_us=815
[   3.882382] INFO  sched: task=ctrl_loop prio=2 complete exec_us=2357
[   3.889708] INFO  sched: task=sensor_poll prio=3 dispatch cycle=389
[   3.890586] INFO  sched: task=sensor_poll prio=3 complete exec_us=878
[   3.899940] INFO  sched: task=ctrl_loop prio=2 dispatch cycle=195
3900 ms  INFO net: frame seq=156 len=252 crc=OK
[   3.900000] DEBUG wdt: fed count=78
[   3.900190] INFO  sched: task=sensor_poll prio=3 dispatch cycle=390
[   3.901011] INFO  sched: task=sensor_poll prio=3 complete exec_us=821
[   3.901585] INFO  sched: task=telemetry prio=1 dispatch cycle=39
[   3.902562] INFO  sched: task=ctrl_loop prio=2 complete exec_us=2622
[   3.907625] INFO  sched: task=telemetry prio=1 complete exec_us=6040
[   3.910067] INFO  sched: task=sensor_poll prio=3 dispatch cycle=391
[   3.910908] INFO  sched: task=sensor_poll prio=3 complete exec_us=841
[   3.919519] INFO  sched: task=ctrl_loop prio=2 dispatch cycle=196
[   3.919937] INFO  sched: task=sensor_poll prio=3 dispatch cycle=392
[   3.920686] INFO  sched: task=sensor_poll prio=3 complete exec_us=749
[   3.922032] INFO  sched: task=ctrl_loop prio=2 complete exec_us=2513
3925 ms  INFO net: frame seq=157 len=97 crc=OK
[   3.930040] INFO  sched: task=sensor_poll prio=3 dispatch cycle=393
[   3.930904] INFO  sched: task=sensor_poll prio=3 complete exec_us=864
[   3.939755] INFO  sched: task=ctrl_loop prio=2 dispatch cycle=197
[   3.940009] INFO  sched: task=sensor_poll prio=3 dispatch cycle=394
[   3.940902] INFO  sched: task=sensor_poll prio=3 complete exec_us=893
[   3.942037] INFO  sched: task=ctrl_loop prio=2 complete exec_us=2282
[   3.949869] INFO  sched: task=sensor_poll prio=3 dispatch cycle=395
3950 ms  INFO net: frame seq=158 len=226 crc=OK
[   3.950000] DEBUG wdt: fed count=79
[   3.950597] INFO  sched: task=sensor_poll prio=3 complete exec_us=728
[   3.960001] INFO  sched: task=sensor_poll prio=3 dispatch cycle=396
[   3.960271] INFO  sched: task=ctrl_loop prio=2 dispatch cycle=198
[   3.960741] INFO  sched: task=sensor_poll prio=3 complete exec_us=740
[   3.962704] INFO  sched: task=ctrl_loop prio=2 complete exec_us=2433
[   3.969770] INFO  sched: task=sensor_poll prio=3 dispatch cycle=397
[   3.970521] INFO  sched: task=sensor_poll prio=3 complete exec_us=751
3975 ms  INFO net: frame seq=159 len=44 crc=OK
[   3.980246] INFO  sched: task=ctrl_loop prio=2 dispatch cycle=199
[   3.980330] INFO  sched: task=sensor_poll prio=3 dispatch cycle=398
[   3.981166] INFO  sched: task=sensor_poll prio=3 complete exec_us=836
[   3.982982] INFO  sched: task=ctrl_loop prio=2 complete exec_us=2736
[   3.989737] INFO  sched: task=sensor_poll prio=3 dispatch cycle=399
[   3.990542] INFO  sched: task=sensor_poll prio=3 complete exec_us=805
[   3.999247] INFO  sched: task=telemetry prio=1 dispatch cycle=40
[   3.999876] INFO  sched: task=ctrl_loop prio=2 dispatch cycle=200
4000 ms  INFO net: frame seq=160 len=38 crc=OK
[   4.000000] DEBUG wdt: fed count=80
[   4.000245] INFO  sched: task=sensor_poll prio=3 dispatch cycle=400
[   4.000990] INFO  sched: task=sensor_poll prio=3 complete exec_us=746
[   4.002517] INFO  sched: task=ctrl_loop prio=2 complete exec_us=2641
[   4.006344] INFO  sched: task=telemetry prio=1 complete exec_us=7098
[   4.010241] INFO  sched: task=sensor_poll prio=3 dispatch cycle=401
[   4.010881] INFO  sched: task=sensor_poll prio=3 complete exec_us=640
[   4.019476] INFO  sched: task=ctrl_loop prio=2 dispatch cycle=201
[   4.020230] INFO  sched: task=sensor_poll prio=3 dispatch cycle=402
[   4.021028] INFO  sched: task=sensor_poll prio=3 complete exec_us=798
[   4.021800] INFO  sched: task=ctrl_loop prio=2 complete exec_us=2325
4025 ms  INFO net: frame seq=161 len=109 crc=OK
[   4.029962] INFO  sched: task=sensor_poll prio=3 dispatch cycle=403
[   4.030709] INFO  sched: task=sensor_poll prio=3 complete exec_us=747
[   4.039917] INFO  sched: task=sensor_poll prio=3 dispatch cycle=404
[   4.040038] INFO  sched: task=ctrl_loop prio=2 dispatch cycle=202
[   4.040703] INFO  sched: task=sensor_poll prio=3 complete exec_us=786
[   4.042871] INFO  sched: task=ctrl_loop prio=2 complete exec_us=2833
4050 ms  INFO net: frame seq=162 len=25 crc=OK
[   4.050000] DEBUG wdt: fed count=81
[   4.050135] INFO  sched: task=sensor_poll prio=3 dispatch cycle=405
[   4.050880] INFO  sched: task=sensor_poll prio=3 complete exec_us=745
[   4.060142] INFO  sched: task=sensor_poll prio=3 dispatch cycle=406
[   4.060776] INFO  sched: task=ctrl_loop prio=2 dispatch cycle=203
[   4.060893] INFO  sched: task=sensor_poll prio=3 complete exec_us=751
[   4.063727] INFO  sched: task=ctrl_loop prio=2 complete exec_us=2950
[   4.069677] INFO  sched: task=sensor_poll prio=3 dispatch cycle=407
[   4.070421] INFO  sched: task=sensor_poll prio=3 complete exec_us=744
4075 ms  INFO net: frame seq=163 len=170 crc=OK
[   4.079924] INFO  sched: task=ctrl_loop prio=2 dispatch cycle=204
[   4.080282] INFO  sched: task=sensor_poll prio=3 dispatch cycle=408
[   4.081138] INFO  sched: task=sensor_poll prio=3 complete exec_us=856
[   4.082253] INFO  sched: task=ctrl_loop prio=2 complete exec_us=2328
[   4.089863] INFO  sched: task=sensor_poll prio=3 dispatch cycle=409
[   4.090782] INFO  sched: task=sensor_poll prio=3 complete exec_us=920
[   4.099423] INFO  sched: task=sensor_poll prio=3 dispatch cycle=410
[   4.099468] INFO  sched: task=ctrl_loop prio=2 dispatch cycle=205
4100 ms  INFO net: frame seq=164 len=162 crc=OK
[   4.100000] DEBUG wdt: fed count=82
[   4.100177] INFO  sched: task=sensor_poll prio=3 complete exec_us=754
[   4.101646] INFO  sched: task=telemetry prio=1 dispatch cycle=41
[   4.102070] INFO  sched: task=ctrl_loop prio=2 complete exec_us=2602
[   4.108169] INFO  sched: task=telemetry prio=1 complete exec_us=6523
[   4.109998] INFO  sched: task=sensor_poll prio=3 dispatch cycle=411
[   4.110748] INFO  sched: task=sensor_poll prio=3 complete exec_us=750
[   4.119859] INFO  sched: task=sensor_poll prio=3 dispatch cycle=412
[   4.120126] INFO  sched: task=ctrl_loop prio=2 dispatch cycle=206
[   4.120570] INFO  sched: task=sensor_poll prio=3 complete exec_us=712
[   4.122519] INFO  sched: task=ctrl_loop prio=2 complete exec_us=2393
4125 ms  INFO net: frame seq=165 len=146 crc=OK
[   4.129743] INFO  sched: task=sensor_poll prio=3 dispatch cycle=413
[   4.130554] INFO  sched: task=sensor_poll prio=3 complete exec_us=810
[   4.139917] INFO  sched: task=sensor_poll prio=3 dispatch cycle=414
[   4.140051] INFO  sched: task=ctrl_loop prio=2 dispatch cycle=207
[   4.140644] INFO  sched: task=sensor_poll prio=3 complete exec_us=727
[   4.142649] INFO  sched: task=ctrl_loop prio=2 complete exec_us=2598
4150 ms  INFO net: frame seq=166 len=166 crc=OK
[   4.150000] DEBUG wdt: fed count=83
[   4.150196] INFO  sched: task=sensor_poll prio=3 dispatch cycle=415
[   4.151045] INFO  sched: task=sensor_poll prio=3 complete exec_us=848
[   4.159561] INFO  sched: task=ctrl_loop prio=2 dispatch cycle=208
[   4.159981] INFO  sched: task=sensor_poll prio=3 dispatch cycle=416
[   4.160744] INFO  sched: task=sensor_poll prio=3 complete exec_us=764
[   4.162001] INFO  sched: task=ctrl_loop prio=2 complete exec_us=2439
[   4.170068] INFO  sched: task=sensor_poll prio=3 dispatch cycle=417
[   4.170926] INFO  sched: task=sensor_poll prio=3 complete exec_us=858
4175 ms  INFO net: frame seq=167 len=226 crc=OK
[   4.179571] INFO  sched: task=ctrl_loop prio=2 dispatch cycle=209
[   4.180053] INFO  sched: task=sensor_poll prio=3 dispatch cycle=418
[   4.180865] INFO  sched: task=sensor_poll prio=3 complete exec_us=813
[   4.182076] INFO  sched: task=ctrl_loop prio=2 complete exec_us=2504
[   4.190071] INFO  sched: task=sensor_poll prio=3 dispatch cycle=419
[   4.190939] INFO  sched: task=sensor_poll prio=3 complete exec_us=868
[   4.199307] INFO  sched: task=ctrl_loop prio=2 dispatch cycle=210
4200 ms  INFO net: frame seq=168 len=216 crc=OK
[   4.200000] DEBUG wdt: fed count=84
[   4.200200] INFO  sched: task=sensor_poll prio=3 dispatch cycle=420
[   4.201044] INFO  sched: task=sensor_poll prio=3 complete exec_us=844
[   4.202010] INFO  sched: task=ctrl_loop prio=2 complete exec_us=2703
[   4.202392] INFO  sched: task=telemetry prio=1 dispatch cycle=42
[   4.208606] INFO  sched: task=telemetry prio=1 complete exec_us=6214
[   4.210163] INFO  sched: task=sensor_poll prio=3 dispatch cycle=421
[   4.210910] INFO  sched: task=sensor_poll prio=3 complete exec_us=747
[   4.220147] INFO  sched: task=sensor_poll prio=3 dispatch cycle=422
[   4.220450] INFO  sched: task=ctrl_loop prio=2 dispatch cycle=211
[   4.220967] INFO  sched: task=sensor_poll prio=3 complete exec_us=819
[   4.222705] INFO  sched: task=ctrl_loop prio=2 complete exec_us=2255
4225 ms  INFO net: frame seq=169 len=35 crc=OK
[   4.230093] INFO  sched: task=sensor_poll prio=3 dispatch cycle=423
[   4.230882] INFO  sched: task=sensor_poll prio=3 complete exec_us=789
[   4.239325] INFO  sched: task=ctrl_loop prio=2 dispatch cycle=212
[   4.239789] INFO  sched: task=sensor_poll prio=3 dispatch cycle=424
[   4.240598] INFO  sched: task=sensor_poll prio=3 complete exec_us=809
[   4.242006] INFO  sched: task=ctrl_loop prio=2 complete exec_us=2681
[   4.250000] DEBUG wdt: fed count=85
4250 ms  INFO net: frame seq=170 len=91 crc=OK
[   4.250125] INFO  sched: task=sensor_poll prio=3 dispatch cycle=425
[   4.250916] INFO  sched: task=sensor_poll prio=3 complete exec_us=791
[   4.259752] INFO  sched: task=ctrl_loop prio=2 dispatch cycle=213
[   4.259867] INFO  sched: task=sensor_poll prio=3 dispatch cycle=426
[   4.260664] INFO  sched: task=sensor_poll prio=3 complete exec_us=797
[   4.262192] INFO  sched: task=ctrl_loop prio=2 complete exec_us=2439
[   4.270352] INFO  sched: task=sensor_poll prio=3 dispatch cycle=427
[   4.271143] INFO  sched: task=sensor_poll prio=3 complete exec_us=790
4275 ms  INFO net: frame seq=171 len=182 crc=OK
[   4.279810] INFO  sched: task=ctrl_loop prio=2 dispatch cycle=214
[   4.280075] INFO  sched: task=sensor_poll prio=3 dispatch cycle=428
[   4.280859] INFO  sched: task=sensor_poll prio=3 complete exec_us=784
[   4.282474] INFO  sched: task=ctrl_loop prio=2 complete exec_us=2664
[   4.290000] INFO  sched: task=sensor_poll prio=3 dispatch cycle=429
[   4.290758] INFO  sched: task=sensor_poll prio=3 complete exec_us=757
[   4.297866] INFO  sched: task=telemetry prio=1 dispatch cycle=43
[   4.300000] DEBUG wdt: fed count=86
4300 ms  INFO net: frame seq=172 len=47 crc=OK
[   4.300040] INFO  sched: task=ctrl_loop prio=2 dispatch cycle=215
[   4.300176] INFO  sched: task=sensor_poll prio=3 dispatch cycle=430
[   4.300967] INFO  sched: task=sensor_poll prio=3 complete exec_us=791
[   4.302552] INFO  sched: task=ctrl_loop prio=2 complete exec_us=2512
[   4.304910] INFO  sched: task=telemetry prio=1 complete exec_us=7044
[   4.310151] INFO  sched: task=sensor_poll prio=3 dispatch cycle=431
[   4.311027] INFO  sched: task=sensor_poll prio=3 complete exec_us=877
[   4.319807] INFO  sched: task=sensor_poll prio=3 dispatch cycle=432
[   4.319816] INFO  sched: task=ctrl_loop prio=2 dispatch cycle=216
[   4.320604] INFO  sched: task=sensor_poll prio=3 complete exec_us=797
[   4.322349] INFO  sched: task=ctrl_loop prio=2 complete exec_us=2533
4325 ms  INFO net: frame seq=173 len=175 crc=OK
[   4.329992] INFO  sched: task=sensor_poll prio=3 dispatch cycle=433
[   4.330721] INFO  sched: task=sensor_poll prio=3 complete exec_us=729
[   4.339675] INFO  sched: task=sensor_poll prio=3 dispatch cycle=434
[   4.340100] INFO  sched: task=ctrl_loop prio=2 dispatch cycle=217
[   4.340523] INFO  sched: task=sensor_poll prio=3 complete exec_us=848
[   4.342188] INFO  sched: task=ctrl_loop prio=2 complete exec_us=2088
[   4.349745] INFO  sched: task=sensor_poll prio=3 dispatch cycle=435
[   4.350000] DEBUG wdt: fed count=87
4350 ms  INFO net: frame seq=174 len=144 crc=OK
[   4.350523] INFO  sched: task=sensor_poll prio=3 complete exec_us=778
[   4.360044] INFO  sched: task=ctrl_loop prio=2 dispatch cycle=218
[   4.360117] INFO  sched: task=sensor_poll prio=3 dispatch cycle=436
[   4.360927] INFO  sched: task=sensor_poll prio=3 complete exec_us=811
[   4.362468] INFO  sched: task=ctrl_loop prio=2 complete exec_us=2425
[   4.370081] INFO  sched: task=sensor_poll prio=3 dispatch cycle=437
[   4.370979] INFO  sched: task=sensor_poll prio=3 complete exec_us=898
4375 ms  INFO net: frame seq=175 len=181 crc=OK
[   4.379909] INFO  sched: task=ctrl_loop prio=2 dispatch cycle=219
[   4.380371] INFO  sched: task=sensor_poll prio=3 dispatch cycle=438
[   4.381138] INFO  sched: task=sensor_poll prio=3 complete exec_us=766
[   4.382425] INFO  sched: task=ctrl_loop prio=2 complete exec_us=2515
[   4.389958] INFO  sched: task=sensor_poll prio=3 dispatch cycle=439
[   4.390771] INFO  sched: task=sensor_poll prio=3 complete exec_us=813
[   4.398575] INFO  sched: task=telemetry prio=1 dispatch cycle=44
[   4.399877] INFO  sched: task=ctrl_loop prio=2 dispatch cycle=220
[   4.399988] INFO  sched: task=sensor_poll prio=3 dispatch cycle=440
[   4.400000] DEBUG wdt: fed count=88
4400 ms  INFO net: frame seq=176 len=232 crc=OK
[   4.400653] INFO  sched: task=sensor_poll prio=3 complete exec_us=665
[   4.402719] INFO  sched: task=ctrl_loop prio=2 complete exec_us=2843
[   4.404949] INFO  sched: task=telemetry prio=1 complete exec_us=6374
[   4.410305] INFO  sched: task=sensor_poll prio=3 dispatch cycle=441
[   4.411247] INFO  sched: task=sensor_poll prio=3 complete exec_us=941
[   4.419674] INFO  sched: task=sensor_poll prio=3 dispatch cycle=442
[   4.419961] INFO  sched: task=ctrl_loop prio=2 dispatch cycle=221
[   4.420483] INFO  sched: task=sensor_poll prio=3 complete exec_us=809
[   4.422643] INFO  sched: task=ctrl_loop prio=2 complete exec_us=2682
4425 ms  INFO net: frame seq=177 len=238 crc=OK
[   4.429714] INFO  sched: task=sensor_poll prio=3 dispatch cycle=443
[   4.430490] INFO  sched: task=sensor_poll prio=3 complete exec_us=776
[   4.440021] INFO  sched: task=ctrl_loop prio=2 dispatch cycle=222
[   4.440057] INFO  sched: task=sensor_poll prio=3 dispatch cycle=444
[   4.440885] INFO  sched: task=sensor_poll prio=3 complete exec_us=828
[   4.442549] INFO  sched: task=ctrl_loop prio=2 complete exec_us=2529
[   4.450000] DEBUG wdt: fed count=89
4450 ms  INFO net: frame seq=178 len=92 crc=OK
[   4.450082] INFO  sched: task=sensor_poll prio=3 dispatch cycle=445
[   4.453710] INFO  sched: task=sensor_poll prio=3 complete exec_us=3629
[   4.460042] INFO  sched: task=ctrl_loop prio=2 dispatch cycle=223
[   4.460044] INFO  sched: task=sensor_poll prio=3 dispatch cycle=446
[   4.460785] INFO  sched: task=sensor_poll prio=3 complete exec_us=742
[   4.462694] INFO  sched: task=ctrl_loop prio=2 complete exec_us=2652
[   4.470275] INFO  sched: task=sensor_poll prio=3 dispatch cycle=447
[   4.471072] INFO  sched: task=sensor_poll prio=3 complete exec_us=797
4475 ms  INFO net: frame seq=179 len=150 crc=OK
[   4.479981] INFO  sched: task=ctrl_loop prio=2 dispatch cycle=224
[   4.479996] INFO  sched: task=sensor_poll prio=3 dispatch cycle=448
[   4.480793] INFO  sched: task=sensor_poll prio=3 complete exec_us=796
[   4.482275] INFO  sched: task=ctrl_loop prio=2 complete exec_us=2294
[   4.489961] INFO  sched: task=sensor_poll prio=3 dispatch cycle=449
[   4.490726] INFO  sched: task=sensor_poll prio=3 complete exec_us=765
[   4.499823] INFO  sched: task=sensor_poll prio=3 dispatch cycle=450
[   4.500000] DEBUG wdt: fed count=90
4500 ms  INFO net: frame seq=180 len=60 crc=OK
[   4.500027] INFO  sched: task=ctrl_loop prio=2 dispatch cycle=225
[   4.500128] INFO  sched: task=telemetry prio=1 dispatch cycle=45
[   4.500617] INFO  sched: task=sensor_poll prio=3 complete exec_us=794
[   4.502371] INFO  sched: task=ctrl_loop prio=2 complete exec_us=2344
[   4.505171] INFO  sched: task=telemetry prio=1 complete exec_us=5043
[   4.510289] INFO  sched: task=sensor_poll prio=3 dispatch cycle=451
[   4.511153] INFO  sched: task=sensor_poll prio=3 complete exec_us=864
[   4.520014] INFO  sched: task=ctrl_loop prio=2 dispatch cycle=226
[   4.520074] INFO  sched: task=sensor_poll prio=3 dispatch cycle=452
[   4.520813] INFO  sched: task=sensor_poll prio=3 complete exec_us=739
[   4.522080] INFO  sched: task=ctrl_loop prio=2 complete exec_us=2066
4525 ms  INFO net: frame seq=181 len=255 crc=OK
[   4.529934] INFO  sched: task=sensor_poll prio=3 dispatch cycle=453
[   4.530772] INFO  sched: task=sensor_poll prio=3 complete exec_us=838
[   4.539197] INFO  sched: task=ctrl_loop prio=2 dispatch cycle=227
[   4.540057] INFO  sched: task=sensor_poll prio=3 dispatch cycle=454
[   4.540805] INFO  sched: task=sensor_poll prio=3 complete exec_us=747
[   4.541580] INFO  sched: task=ctrl_loop prio=2 complete exec_us=2383
[   4.549922] INFO  sched: task=sensor_poll prio=3 dispatch cycle=455
[   4.550000] DEBUG wdt: fed count=91
4550 ms  INFO net: frame seq=182 len=18 crc=OK
[   4.550736] INFO  sched: task=sensor_poll prio=3 complete exec_us=814
[   4.559775] INFO  sched: task=sensor_poll prio=3 dispatch cycle=456
[   4.559864] INFO  sched: task=ctrl_loop prio=2 dispatch cycle=228
[   4.560541] INFO  sched: task=sensor_poll prio=3 complete exec_us=767
[   4.562459] INFO  sched: task=ctrl_loop prio=2 complete exec_us=2595
[   4.569989] INFO  sched: task=sensor_poll prio=3 dispatch cycle=457
[   4.570802] INFO  sched: task=sensor_poll prio=3 complete exec_us=813
4575 ms  INFO net: frame seq=183 len=75 crc=OK
[   4.579930] INFO  sched: task=sensor_poll prio=3 dispatch cycle=458
[   4.580568] INFO  sched: task=ctrl_loop prio=2 dispatch cycle=229
[   4.580763] INFO  sched: task=sensor_poll prio=3 complete exec_us=834
[   4.582839] INFO  sched: task=ctrl_loop prio=2 complete exec_us=2270
[   4.589967] INFO  sched: task=sensor_poll prio=3 dispatch cycle=459
[   4.590869] INFO  sched: task=sensor_poll prio=3 complete exec_us=901
[   4.598253] INFO  sched: task=telemetry prio=1 dispatch cycle=46
[   4.599829] INFO  sched: task=sensor_poll prio=3 dispatch cycle=460
[   4.599840] INFO  sched: task=ctrl_loop prio=2 dispatch cycle=230
[   4.600000] DEBUG wdt: fed count=92
4600 ms  INFO net: frame seq=184 len=213 crc=OK
[   4.600546] INFO  sched: task=sensor_poll prio=3 complete exec_us=717
[   4.602237] INFO  sched: task=ctrl_loop prio=2 complete exec_us=2396
[   4.605331] INFO  sched: task=telemetry prio=1 complete exec_us=7078
[   4.609846] INFO  sched: task=sensor_poll prio=3 dispatch cycle=461
[   4.610669] INFO  sched: task=sensor_poll prio=3 complete exec_us=823
[   4.619559] INFO  sched: task=ctrl_loop prio=2 dispatch cycle=231
[   4.620065] INFO  sched: task=sensor_poll prio=3 dispatch cycle=462
[   4.620797] INFO  sched: task=sensor_poll prio=3 complete exec_us=732
[   4.622276] INFO  sched: task=ctrl_loop prio=2 complete exec_us=2716
4625 ms  INFO net: frame seq=185 len=72 crc=OK
[   4.630237] INFO  sched: task=sensor_poll prio=3 dispatch cycle=463
[   4.631001] INFO  sched: task=sensor_poll prio=3 complete exec_us=765
[   4.639904] INFO  sched: task=sensor_poll prio=3 dispatch cycle=464
[   4.640451] INFO  sched: task=ctrl_loop prio=2 dispatch cycle=232
[   4.640715] INFO  sched: task=sensor_poll prio=3 complete exec_us=812
[   4.643080] INFO  sched: task=ctrl_loop prio=2 complete exec_us=2628
[   4.650000] DEBUG wdt: fed count=93
4650 ms  INFO net: frame seq=186 len=131 crc=OK
[   4.650094] INFO  sched: task=sensor_poll prio=3 dispatch cycle=465
[   4.650944] INFO  sched: task=sensor_poll prio=3 complete exec_us=850
[   4.660105] INFO  sched: task=ctrl_loop prio=2 dispatch cycle=233
[   4.660169] INFO  sched: task=sensor_poll prio=3 dispatch cycle=466
[   4.661018] INFO  sched: task=sensor_poll prio=3 complete exec_us=849
[   4.662620] INFO  sched: task=ctrl_loop prio=2 complete exec_us=2516
[   4.670007] INFO  sched: task=sensor_poll prio=3 dispatch cycle=467
[   4.670943] INFO  sched: task=sensor_poll prio=3 complete exec_us=936
4675 ms  INFO net: frame seq=187 len=92 crc=OK
[   4.679807] INFO  sched: task=ctrl_loop prio=2 dispatch cycle=234
[   4.680226] INFO  sched: task=sensor_poll prio=3 dispatch cycle=468
[   4.681766] INFO  sched: task=ctrl_loop prio=2 complete exec_us=1959
[   4.688008] INFO  sched: task=sensor_poll prio=3 complete exec_us=7782
[   4.690296] INFO  sched: task=sensor_poll prio=3 dispatch cycle=469
[   4.691000] INFO  sched: task=sensor_poll prio=3 complete exec_us=704
[   4.699923] INFO  sched: task=sensor_poll prio=3 dispatch cycle=470
[   4.700000] DEBUG wdt: fed count=94
4700 ms  INFO net: frame seq=188 len=191 crc=OK
[   4.700398] INFO  sched: task=ctrl_loop prio=2 dispatch cycle=235
[   4.700677] INFO  sched: task=sensor_poll prio=3 complete exec_us=754
[   4.701068] INFO  sched: task=telemetry prio=1 dispatch cycle=47
[   4.702654] INFO  sched: task=ctrl_loop prio=2 complete exec_us=2256
[   4.706545] INFO  sched: task=telemetry prio=1 complete exec_us=5476
[   4.709947] INFO  sched: task=sensor_poll prio=3 dispatch cycle=471
[   4.710795] INFO  sched: task=sensor_poll prio=3 complete exec_us=849
[   4.719272] INFO  sched: task=ctrl_loop prio=2 dispatch cycle=236
[   4.719939] INFO  sched: task=sensor_poll prio=3 dispatch cycle=472
[   4.720721] INFO  sched: task=sensor_poll prio=3 complete exec_us=782
[   4.721900] INFO  sched: task=ctrl_loop prio=2 complete exec_us=2629
4725 ms  INFO net: frame seq=189 len=214 crc=OK
[   4.730496] INFO  sched: task=sensor_poll prio=3 dispatch cycle=473
[   4.731338] INFO  sched: task=sensor_poll prio=3 complete exec_us=842
[   4.739361] INFO  sched: task=ctrl_loop prio=2 dispatch cycle=237
[   4.740286] INFO  sched: task=sensor_poll prio=3 dispatch cycle=474
[   4.741136] INFO  sched: task=sensor_poll prio=3 complete exec_us=850
[   4.741848] INFO  sched: task=ctrl_loop prio=2 complete exec_us=2488
[   4.750000] DEBUG wdt: fed count=95
4750 ms  INFO net: frame seq=190 len=174 crc=OK
[   4.750028] INFO  sched: task=sensor_poll prio=3 dispatch cycle=475
[   4.750757] INFO  sched: task=sensor_poll prio=3 complete exec_us=729
[   4.759531] INFO  sched: task=ctrl_loop prio=2 dispatch cycle=238
[   4.760260] INFO  sched: task=sensor_poll prio=3 dispatch cycle=476
[   4.761104] INFO  sched: task=sensor_poll prio=3 complete exec_us=845
[   4.762091] INFO  sched: task=ctrl_loop prio=2 complete exec_us=2560
[   4.770022] INFO  sched: task=sensor_poll prio=3 dispatch cycle=477
[   4.770820] INFO  sched: task=sensor_poll prio=3 complete exec_us=798
4775 ms  INFO net: frame seq=191 len=256 crc=OK
[   4.779796] INFO  sched: task=sensor_poll prio=3 dispatch cycle=478
[   4.779888] INFO  sched: task=ctrl_loop prio=2 dispatch cycle=239
[   4.780473] INFO  sched: task=sensor_poll prio=3 complete exec_us=677
[   4.782239] INFO  sched: task=ctrl_loop prio=2 complete exec_us=2351
[   4.789938] INFO  sched: task=sensor_poll prio=3 dispatch cycle=479
[   4.790663] INFO  sched: task=sensor_poll prio=3 complete exec_us=725
[   4.799735] INFO  sched: task=sensor_poll prio=3 dispatch cycle=480
[   4.799819] INFO  sched: task=ctrl_loop prio=2 dispatch cycle=240
[   4.800000] DEBUG wdt: fed count=96
4800 ms  INFO net: frame seq=192 len=28 crc=OK
[   4.800553] INFO  sched: task=sensor_poll prio=3 complete exec_us=818
[   4.801764] INFO  sched: task=telemetry prio=1 dispatch cycle=48
[   4.802342] INFO  sched: task=ctrl_loop prio=2 complete exec_us=2523
[   4.806970] INFO  sched: task=telemetry prio=1 complete exec_us=5206
[   4.809888] INFO  sched: task=sensor_poll prio=3 dispatch cycle=481
[   4.810780] INFO  sched: task=sensor_poll prio=3 complete exec_us=892
[   4.819848] INFO  sched: task=sensor_poll prio=3 dispatch cycle=482
[   4.820496] INFO  sched: task=ctrl_loop prio=2 dispatch cycle=241
[   4.820656] INFO  sched: task=sensor_poll prio=3 complete exec_us=808
[   4.822931] INFO  sched: task=ctrl_loop prio=2 complete exec_us=2435
4825 ms  INFO net: frame seq=193 len=136 crc=OK
[   4.829807] INFO  sched: task=sensor_poll prio=3 dispatch cycle=483
[   4.830527] INFO  sched: task=sensor_poll prio=3 complete exec_us=720
[   4.839700] INFO  sched: task=ctrl_loop prio=2 dispatch cycle=242
[   4.839867] INFO  sched: task=sensor_poll prio=3 dispatch cycle=484
[   4.840673] INFO  sched: task=sensor_poll prio=3 complete exec_us=806
[   4.842361] INFO  sched: task=ctrl_loop prio=2 complete exec_us=2661
[   4.850000] ERROR wdt: WATCHDOG TIMEOUT reset_cause=WDT last_task=ctrl_loop
4850 ms  INFO net: frame seq=194 len=143 crc=OK
[   4.850138] INFO  sched: task=sensor_poll prio=3 dispatch cycle=485
[   4.850954] INFO  sched: task=sensor_poll prio=3 complete exec_us=816
4852 ms  WARN  boot: ==== SYSTEM RESET ==== rev=1.4.2 cause=WDT
[   4.859868] INFO  sched: task=ctrl_loop prio=2 dispatch cycle=243
[   4.859886] INFO  sched: task=sensor_poll prio=3 dispatch cycle=486
[   4.860657] INFO  sched: task=sensor_poll prio=3 complete exec_us=771
[   4.862851] INFO  sched: task=ctrl_loop prio=2 complete exec_us=2983
[   4.870102] INFO  sched: task=sensor_poll prio=3 dispatch cycle=487
[   4.870924] INFO  sched: task=sensor_poll prio=3 complete exec_us=822
4875 ms  INFO net: frame seq=195 len=195 crc=FAIL
[   4.879987] INFO  sched: task=sensor_poll prio=3 dispatch cycle=488
[   4.880135] INFO  sched: task=ctrl_loop prio=2 dispatch cycle=244
[   4.880911] INFO  sched: task=sensor_poll prio=3 complete exec_us=924
[   4.889886] INFO  sched: task=sensor_poll prio=3 dispatch cycle=489
[   4.890740] INFO  sched: task=sensor_poll prio=3 complete exec_us=854
[   4.899150] INFO  sched: task=ctrl_loop prio=2 complete exec_us=19015
[   4.899313] INFO  sched: task=ctrl_loop prio=2 dispatch cycle=245
[   4.899923] INFO  sched: task=telemetry prio=1 dispatch cycle=49
[   4.899964] INFO  sched: task=sensor_poll prio=3 dispatch cycle=490
[   4.900000] DEBUG wdt: fed count=0
4900 ms  INFO net: frame seq=196 len=34 crc=OK
[   4.900665] INFO  sched: task=sensor_poll prio=3 complete exec_us=701
[   4.901676] INFO  sched: task=ctrl_loop prio=2 complete exec_us=2362
[   4.904549] INFO  sched: task=telemetry prio=1 complete exec_us=4626
[   4.909976] INFO  sched: task=sensor_poll prio=3 dispatch cycle=491
[   4.910728] INFO  sched: task=sensor_poll prio=3 complete exec_us=753
[   4.920018] INFO  sched: task=sensor_poll prio=3 dispatch cycle=492
[   4.920857] INFO  sched: task=sensor_poll prio=3 complete exec_us=839
[   4.920992] INFO  sched: task=ctrl_loop prio=2 dispatch cycle=246
[   4.923661] INFO  sched: task=ctrl_loop prio=2 complete exec_us=2669
4925 ms  INFO net: frame seq=197 len=212 crc=OK
[   4.929798] INFO  sched: task=sensor_poll prio=3 dispatch cycle=493
[   4.930522] INFO  sched: task=sensor_poll prio=3 complete exec_us=725
[   4.939583] INFO  sched: task=ctrl_loop prio=2 dispatch cycle=247
[   4.940023] INFO  sched: task=sensor_poll prio=3 dispatch cycle=494
[   4.940755] INFO  sched: task=sensor_poll prio=3 complete exec_us=732
[   4.942200] INFO  sched: task=ctrl_loop prio=2 complete exec_us=2617
[   4.949787] INFO  sched: task=sensor_poll prio=3 dispatch cycle=495
[   4.950000] DEBUG wdt: fed count=1
4950 ms  INFO net: frame seq=198 len=214 crc=OK
[   4.950586] INFO  sched: task=sensor_poll prio=3 complete exec_us=799
[   4.959772] INFO  sched: task=sensor_poll prio=3 dispatch cycle=496
[   4.959816] INFO  sched: task=ctrl_loop prio=2 dispatch cycle=248
[   4.960625] INFO  sched: task=sensor_poll prio=3 complete exec_us=853
[   4.962433] INFO  sched: task=ctrl_loop prio=2 complete exec_us=2617
[   4.970113] INFO  sched: task=sensor_poll prio=3 dispatch cycle=497
[   4.970893] INFO  sched: task=sensor_poll prio=3 complete exec_us=780
4975 ms  INFO net: frame seq=199 len=184 crc=OK
[   4.979841] INFO  sched: task=ctrl_loop prio=2 dispatch cycle=249
[   4.980098] INFO  sched: task=sensor_poll prio=3 dispatch cycle=498
[   4.980808] INFO  sched: task=sensor_poll prio=3 complete exec_us=710
[   4.982420] INFO  sched: task=ctrl_loop prio=2 complete exec_us=2579
[   4.990224] INFO  sched: task=sensor_poll prio=3 dispatch cycle=499
[   4.991103] INFO  sched: task=sensor_poll prio=3 complete exec_us=879
[   4.999351] INFO  sched: task=ctrl_loop prio=2 dispatch cycle=250
[   5.000000] DEBUG wdt: fed count=2
5000 ms  INFO net: frame seq=200 len=228 crc=OK
[   5.000194] INFO  sched: task=sensor_poll prio=3 dispatch cycle=500
[   5.001050] INFO  sched: task=sensor_poll prio=3 complete exec_us=856
[   5.001824] INFO  sched: task=ctrl_loop prio=2 complete exec_us=2473
[   5.001829] INFO  sched: task=telemetry prio=1 dispatch cycle=50
[   5.006996] INFO  sched: task=telemetry prio=1 complete exec_us=5167
[   5.009895] INFO  sched: task=sensor_poll prio=3 dispatch cycle=501
[   5.010809] INFO  sched: task=sensor_poll prio=3 complete exec_us=914
[   5.019558] INFO  sched: task=ctrl_loop prio=2 dispatch cycle=251
[   5.019897] INFO  sched: task=sensor_poll prio=3 dispatch cycle=502
[   5.020710] INFO  sched: task=sensor_poll prio=3 complete exec_us=813
[   5.021676] INFO  sched: task=ctrl_loop prio=2 complete exec_us=2118
5025 ms  INFO net: frame seq=201 len=54 crc=OK
[   5.030101] INFO  sched: task=sensor_poll prio=3 dispatch cycle=503
[   5.030846] INFO  sched: task=sensor_poll prio=3 complete exec_us=745
[   5.039570] INFO  sched: task=sensor_poll prio=3 dispatch cycle=504
[   5.040315] INFO  sched: task=ctrl_loop prio=2 dispatch cycle=252
[   5.040419] INFO  sched: task=sensor_poll prio=3 complete exec_us=848
[   5.042770] INFO  sched: task=ctrl_loop prio=2 complete exec_us=2455
[   5.050000] DEBUG wdt: fed count=3
5050 ms  INFO net: frame seq=202 len=197 crc=OK
[   5.050485] INFO  sched: task=sensor_poll prio=3 dispatch cycle=505
[   5.051302] INFO  sched: task=sensor_poll prio=3 complete exec_us=817
[   5.059589] INFO  sched: task=sensor_poll prio=3 dispatch cycle=506
[   5.060417] INFO  sched: task=ctrl_loop prio=2 dispatch cycle=253
[   5.060497] INFO  sched: task=sensor_poll prio=3 complete exec_us=908
[   5.062837] INFO  sched: task=ctrl_loop prio=2 complete exec_us=2420
[   5.070359] INFO  sched: task=sensor_poll prio=3 dispatch cycle=507
[   5.071223] INFO  sched: task=sensor_poll prio=3 complete exec_us=864
5075 ms  INFO net: frame seq=203 len=24 crc=FAIL
[   5.079660] INFO  sched: task=ctrl_loop prio=2 dispatch cycle=254
[   5.080084] INFO  sched: task=sensor_poll prio=3 dispatch cycle=508
[   5.081023] INFO  sched: task=sensor_poll prio=3 complete exec_us=939
[   5.082291] INFO  sched: task=ctrl_loop prio=2 complete exec_us=2631
[   5.090146] INFO  sched: task=sensor_poll prio=3 dispatch cycle=509
[   5.090915] INFO  sched: task=sensor_poll prio=3 complete exec_us=769
[   5.099894] INFO  sched: task=ctrl_loop prio=2 dispatch cycle=255
[   5.100000] DEBUG wdt: fed count=4
5100 ms  INFO net: frame seq=204 len=140 crc=OK
[   5.100053] INFO  sched: task=sensor_poll prio=3 dispatch cycle=510
[   5.100442] INFO  sched: task=telemetry prio=1 dispatch cycle=51
[   5.100927] INFO  sched: task=sensor_poll prio=3 complete exec_us=873
[   5.102355] INFO  sched: task=ctrl_loop prio=2 complete exec_us=2460
[   5.106754] INFO  sched: task=telemetry prio=1 complete exec_us=6312
[   5.109809] INFO  sched: task=sensor_poll prio=3 dispatch cycle=511
[   5.110651] INFO  sched: task=sensor_poll prio=3 complete exec_us=843
[   5.119644] INFO  sched: task=ctrl_loop prio=2 dispatch cycle=256
[   5.120244] INFO  sched: task=sensor_poll prio=3 dispatch cycle=512
[   5.120925] INFO  sched: task=sensor_poll prio=3 complete exec_us=681
[   5.122105] INFO  sched: task=ctrl_loop prio=2 complete exec_us=2460
5125 ms  INFO net: frame seq=205 len=126 crc=OK
[   5.130033] INFO  sched: task=sensor_poll prio=3 dispatch cycle=513
[   5.130812] INFO  sched: task=sensor_poll prio=3 complete exec_us=779
[   5.140033] INFO  sched: task=sensor_poll prio=3 dispatch cycle=514
[   5.140140] INFO  sched: task=ctrl_loop prio=2 dispatch cycle=257
[   5.140867] INFO  sched: task=sensor_poll prio=3 complete exec_us=833
[   5.142477] INFO  sched: task=ctrl_loop prio=2 complete exec_us=2337
[   5.150000] DEBUG wdt: fed count=5
5150 ms  INFO net: frame seq=206 len=93 crc=OK
[   5.150367] INFO  sched: task=sensor_poll prio=3 dispatch cycle=515
[   5.151092] INFO  sched: task=sensor_poll prio=3 complete exec_us=725
[   5.159830] INFO  sched: task=ctrl_loop prio=2 dispatch cycle=258
[   5.160157] INFO  sched: task=sensor_poll prio=3 dispatch cycle=516
[   5.160999] INFO  sched: task=sensor_poll prio=3 complete exec_us=842
[   5.162425] INFO  sched: task=ctrl_loop prio=2 complete exec_us=2595
[   5.170130] INFO  sched: task=sensor_poll prio=3 dispatch cycle=517
[   5.170903] INFO  sched: task=sensor_poll prio=3 complete exec_us=773
5175 ms  INFO net: frame seq=207 len=122 crc=OK
[   5.180126] INFO  sched: task=sensor_poll prio=3 dispatch cycle=518
[   5.180401] INFO  sched: task=ctrl_loop prio=2 dispatch cycle=259
[   5.180913] INFO  sched: task=sensor_poll prio=3 complete exec_us=787
[   5.182516] INFO  sched: task=ctrl_loop prio=2 complete exec_us=2116
[   5.189889] INFO  sched: task=sensor_poll prio=3 dispatch cycle=519
[   5.190771] INFO  sched: task=sensor_poll prio=3 complete exec_us=882
[   5.199235] INFO  sched: task=telemetry prio=1 dispatch cycle=52
[   5.199995] INFO  sched: task=ctrl_loop prio=2 dispatch cycle=260
[   5.200000] DEBUG wdt: fed count=6
5200 ms  INFO net: frame seq=208 len=101 crc=OK
[   5.200162] INFO  sched: task=sensor_poll prio=3 dispatch cycle=520
[   5.200926] INFO  sched: task=sensor_poll prio=3 complete exec_us=764
[   5.202740] INFO  sched: task=ctrl_loop prio=2 complete exec_us=2745
[   5.205883] INFO  sched: task=telemetry prio=1 complete exec_us=6648
[   5.209848] INFO  sched: task=sensor_poll prio=3 dispatch cycle=521
[   5.210582] INFO  sched: task=sensor_poll prio=3 complete exec_us=734
[   5.219969] INFO  sched: task=ctrl_loop prio=2 dispatch cycle=261
[   5.220186] INFO  sched: task=sensor_poll prio=3 dispatch cycle=522
[   5.221041] INFO  sched: task=sensor_poll prio=3 complete exec_us=855
[   5.222487] INFO  sched: task=ctrl_loop prio=2 complete exec_us=2519
5225 ms  INFO net: frame seq=209 len=241 crc=OK
[   5.230127] INFO  sched: task=sensor_poll prio=3 dispatch cycle=523
[   5.230887] INFO  sched: task=sensor_poll prio=3 complete exec_us=760
[   5.239954] INFO  sched: task=sensor_poll prio=3 dispatch cycle=524
[   5.240623] INFO  sched: task=ctrl_loop prio=2 dispatch cycle=262
[   5.240780] INFO  sched: task=sensor_poll prio=3 complete exec_us=826
[   5.242982] INFO  sched: task=ctrl_loop prio=2 complete exec_us=2360
[   5.249803] INFO  sched: task=sensor_poll prio=3 dispatch cycle=525
[   5.250000] DEBUG wdt: fed count=7
5250 ms  INFO net: frame seq=210 len=166 crc=OK
[   5.250587] INFO  sched: task=sensor_poll prio=3 complete exec_us=784
[   5.259914] INFO  sched: task=ctrl_loop prio=2 dispatch cycle=263
[   5.259941] INFO  sched: task=sensor_poll prio=3 dispatch cycle=526
[   5.260808] INFO  sched: task=sensor_poll prio=3 complete exec_us=867
[   5.262375] INFO  sched: task=ctrl_loop prio=2 complete exec_us=2462
[   5.269684] INFO  sched: task=sensor_poll prio=3 dispatch cycle=527
[   5.270523] INFO  sched: task=sensor_poll prio=3 complete exec_us=839
5275 ms  INFO net: frame seq=211 len=65 crc=OK
[   5.279515] INFO  sched: task=ctrl_loop prio=2 dispatch cycle=264
[   5.280089] INFO  sched: task=sensor_poll prio=3 dispatch cycle=528
[   5.280914] INFO  sched: task=sensor_poll prio=3 complete exec_us=825
[   5.281808] INFO  sched: task=ctrl_loop prio=2 complete exec_us=2292
[   5.289805] INFO  sched: task=sensor_poll prio=3 dispatch cycle=529
[   5.290613] INFO  sched: task=sensor_poll prio=3 complete exec_us=808
[   5.299325] INFO  sched: task=ctrl_loop prio=2 dispatch cycle=265
[   5.300000] DEBUG wdt: fed count=8
5300 ms  INFO net: frame seq=212 len=205 crc=OK
[   5.300110] INFO  sched: task=sensor_poll prio=3 dispatch cycle=530
[   5.300862] INFO  sched: task=sensor_poll prio=3 complete exec_us=752
[   5.301972] INFO  sched: task=ctrl_loop prio=2 complete exec_us=2647
[   5.302494] INFO  sched: task=telemetry prio=1 dispatch cycle=53
[   5.308237] INFO  sched: task=telemetry prio=1 complete exec_us=5743
[   5.309980] INFO  sched: task=sensor_poll prio=3 dispatch cycle=531
[   5.310787] INFO  sched: task=sensor_poll prio=3 complete exec_us=807
[   5.319768] INFO  sched: task=sensor_poll prio=3 dispatch cycle=532
[   5.320175] INFO  sched: task=ctrl_loop prio=2 dispatch cycle=266
[   5.320577] INFO  sched: task=sensor_poll prio=3 complete exec_us=809
[   5.322721] INFO  sched: task=ctrl_loop prio=2 complete exec_us=2546
5325 ms  INFO net: frame seq=213 len=169 crc=OK
[   5.329688] INFO  sched: task=sensor_poll prio=3 dispatch cycle=533
[   5.330504] INFO  sched: task=sensor_poll prio=3 complete exec_us=816
[   5.339975] INFO  sched: task=ctrl_loop prio=2 dispatch cycle=267
[   5.340098] INFO  sched: task=sensor_poll prio=3 dispatch cycle=534
[   5.340895] INFO  sched: task=sensor_poll prio=3 complete exec_us=797
[   5.342546] INFO  sched: task=ctrl_loop prio=2 complete exec_us=2571
[   5.350000] DEBUG wdt: fed count=9
5350 ms  INFO net: frame seq=214 len=255 crc=OK
[   5.350162] INFO  sched: task=sensor_poll prio=3 dispatch cycle=535
[   5.351057] INFO  sched: task=sensor_poll prio=3 complete exec_us=895
[   5.360220] INFO  sched: task=sensor_poll prio=3 dispatch cycle=536
[   5.360290] INFO  sched: task=ctrl_loop prio=2 dispatch cycle=268
[   5.361055] INFO  sched: task=sensor_poll prio=3 complete exec_us=835
[   5.362943] INFO  sched: task=ctrl_loop prio=2 complete exec_us=2653
[   5.370231] INFO  sched: task=sensor_poll prio=3 dispatch cycle=537
[   5.370930] INFO  sched: task=sensor_poll prio=3 complete exec_us=699
5375 ms  INFO net: frame seq=215 len=72 crc=OK
[   5.380043] INFO  sched: task=ctrl_loop prio=2 dispatch cycle=269
[   5.380184] INFO  sched: task=sensor_poll prio=3 dispatch cycle=538
[   5.381004] INFO  sched: task=sensor_poll prio=3 complete exec_us=819
[   5.382751] INFO  sched: task=ctrl_loop prio=2 complete exec_us=2708
[   5.390007] INFO  sched: task=sensor_poll prio=3 dispatch cycle=539
[   5.390741] INFO  sched: task=sensor_poll prio=3 complete exec_us=734
[   5.400000] DEBUG wdt: fed count=10
5400 ms  INFO net: frame seq=216 len=159 crc=OK
[   5.400210] INFO  sched: task=sensor_poll prio=3 dispatch cycle=540
[   5.400549] INFO  sched: task=ctrl_loop prio=2 dispatch cycle=270
[   5.400797] INFO  sched: task=sensor_poll prio=3 complete exec_us=586
[   5.402753] INFO  sched: task=ctrl_loop prio=2 complete exec_us=2205
[   5.403080] INFO  sched: task=telemetry prio=1 dispatch cycle=54
[   5.409161] INFO  sched: task=telemetry prio=1 complete exec_us=6081
[   5.410179] INFO  sched: task=sensor_poll prio=3 dispatch cycle=541
[   5.410925] INFO  sched: task=sensor_poll prio=3 complete exec_us=747
[   5.420068] INFO  sched: task=sensor_poll prio=3 dispatch cycle=542
[   5.420505] INFO  sched: task=ctrl_loop prio=2 dispatch cycle=271
[   5.420851] INFO  sched: task=sensor_poll prio=3 complete exec_us=783
[   5.422962] INFO  sched: task=ctrl_loop prio=2 complete exec_us=2456
5425 ms  INFO net: frame seq=217 len=245 crc=OK
[   5.430078] INFO  sched: task=sensor_poll prio=3 dispatch cycle=543
[   5.430836] INFO  sched: task=sensor_poll prio=3 complete exec_us=757
[   5.440135] INFO  sched: task=sensor_poll prio=3 dispatch cycle=544
[   5.440204] INFO  sched: task=ctrl_loop prio=2 dispatch cycle=272
[   5.440943] INFO  sched: task=sensor_poll prio=3 complete exec_us=807
[   5.442695] INFO  sched: task=ctrl_loop prio=2 complete exec_us=2491
[   5.450000] DEBUG wdt: fed count=11
5450 ms  INFO net: frame seq=218 len=223 crc=OK
[   5.450232] INFO  sched: task=sensor_poll prio=3 dispatch cycle=545
[   5.451049] INFO  sched: task=sensor_poll prio=3 complete exec_us=817
[   5.460069] INFO  sched: task=sensor_poll prio=3 dispatch cycle=546
[   5.460158] INFO  sched: task=ctrl_loop prio=2 dispatch cycle=273
[   5.460961] INFO  sched: task=sensor_poll prio=3 complete exec_us=891
[   5.462674] INFO  sched: task=ctrl_loop prio=2 complete exec_us=2516
[   5.469751] INFO  sched: task=sensor_poll prio=3 dispatch cycle=547
[   5.470481] INFO  sched: task=sensor_poll prio=3 complete exec_us=730
5475 ms  INFO net: frame seq=219 len=60 crc=OK
[   5.479588] INFO  sched: task=ctrl_loop prio=2 dispatch cycle=274
[   5.480130] INFO  sched: task=sensor_poll prio=3 dispatch cycle=548
[   5.480934] INFO  sched: task=sensor_poll prio=3 complete exec_us=804
[   5.481921] INFO  sched: task=ctrl_loop prio=2 complete exec_us=2333
[   5.490137] INFO  sched: task=sensor_poll prio=3 dispatch cycle=549
[   5.490929] INFO  sched: task=sensor_poll prio=3 complete exec_us=792
[   5.500000] DEBUG wdt: fed count=12
5500 ms  INFO net: frame seq=220 len=186 crc=OK
[   5.500268] INFO  sched: task=sensor_poll prio=3 dispatch cycle=550
[   5.500320] INFO  sched: task=telemetry prio=1 dispatch cycle=55
[   5.500500] INFO  sched: task=ctrl_loop prio=2 dispatch cycle=275
[   5.501152] INFO  sched: task=sensor_poll prio=3 complete exec_us=884
[   5.503202] INFO  sched: task=ctrl_loop prio=2 complete exec_us=2702
[   5.505590] INFO  sched: task=telemetry prio=1 complete exec_us=5269
[   5.509705] INFO  sched: task=sensor_poll prio=3 dispatch cycle=551
[   5.510493] INFO  sched: task=sensor_poll prio=3 complete exec_us=788
[   5.519952] INFO  sched: task=sensor_poll prio=3 dispatch cycle=552
[   5.520538] INFO  sched: task=ctrl_loop prio=2 dispatch cycle=276
[   5.520646] INFO  sched: task=sensor_poll prio=3 complete exec_us=693
[   5.522959] INFO  sched: task=ctrl_loop prio=2 complete exec_us=2421
5525 ms  INFO net: frame seq=221 len=223 crc=OK
[   5.529971] INFO  sched: task=sensor_poll prio=3 dispatch cycle=553
[   5.530814] INFO  sched: task=sensor_poll prio=3 complete exec_us=843
[   5.540173] INFO  sched: task=sensor_poll prio=3 dispatch cycle=554
[   5.540597] INFO  sched: task=ctrl_loop prio=2 dispatch cycle=277
[   5.540935] INFO  sched: task=sensor_poll prio=3 complete exec_us=762
[   5.543425] INFO  sched: task=ctrl_loop prio=2 complete exec_us=2827
[   5.549693] INFO  sched: task=sensor_poll prio=3 dispatch cycle=555
[   5.550000] DEBUG wdt: fed count=13
5550 ms  INFO net: frame seq=222 len=135 crc=FAIL
[   5.550481] INFO  sched: task=sensor_poll prio=3 complete exec_us=788
[   5.559824] INFO  sched: task=sensor_poll prio=3 dispatch cycle=556
[   5.560108] INFO  sched: task=ctrl_loop prio=2 dispatch cycle=278
[   5.560712] INFO  sched: task=sensor_poll prio=3 complete exec_us=888
[   5.562809] INFO  sched: task=ctrl_loop prio=2 complete exec_us=2702
[   5.569978] INFO  sched: task=sensor_poll prio=3 dispatch cycle=557
[   5.570800] INFO  sched: task=sensor_poll prio=3 complete exec_us=822
5575 ms  INFO net: frame seq=223 len=26 crc=OK
[   5.579801] INFO  sched: task=ctrl_loop prio=2 dispatch cycle=279
[   5.579966] INFO  sched: task=sensor_poll prio=3 dispatch cycle=558
[   5.580686] INFO  sched: task=sensor_poll prio=3 complete exec_us=720
[   5.582503] INFO  sched: task=ctrl_loop prio=2 complete exec_us=2703
[   5.590205] INFO  sched: task=sensor_poll prio=3 dispatch cycle=559
[   5.590989] INFO  sched: task=sensor_poll prio=3 complete exec_us=784
[   5.596522] INFO  sched: task=telemetry prio=1 dispatch cycle=56
[   5.600000] DEBUG wdt: fed count=14
5600 ms  INFO net: frame seq=224 len=238 crc=OK
[   5.600004] INFO  sched: task=ctrl_loop prio=2 dispatch cycle=280
[   5.600150] INFO  sched: task=sensor_poll prio=3 dispatch cycle=560
[   5.600983] INFO  sched: task=sensor_poll prio=3 complete exec_us=833
[   5.602420] INFO  sched: task=telemetry prio=1 complete exec_us=5898
[   5.602604] INFO  sched: task=ctrl_loop prio=2 complete exec_us=2600
[   5.609680] INFO  sched: task=sensor_poll prio=3 dispatch cycle=561
[   5.610590] INFO  sched: task=sensor_poll prio=3 complete exec_us=909
[   5.619716] INFO  sched: task=sensor_poll prio=3 dispatch cycle=562
[   5.619860] INFO  sched: task=ctrl_loop prio=2 dispatch cycle=281
[   5.620539] INFO  sched: task=sensor_poll prio=3 complete exec_us=823
[   5.622067] INFO  sched: task=ctrl_loop prio=2 complete exec_us=2207
5625 ms  INFO net: frame seq=225 len=189 crc=OK
[   5.629827] INFO  sched: task=sensor_poll prio=3 dispatch cycle=563
[   5.630580] INFO  sched: task=sensor_poll prio=3 complete exec_us=753
[   5.639582] INFO  sched: task=ctrl_loop prio=2 dispatch cycle=282
[   5.639623] INFO  sched: task=sensor_poll prio=3 dispatch cycle=564
[   5.640429] INFO  sched: task=sensor_poll prio=3 complete exec_us=806
[   5.641764] INFO  sched: task=ctrl_loop prio=2 complete exec_us=2182
[   5.650000] DEBUG wdt: fed count=15
5650 ms  INFO net: frame seq=226 len=43 crc=OK
[   5.650037] INFO  sched: task=sensor_poll prio=3 dispatch cycle=565
[   5.650788] INFO  sched: task=sensor_poll prio=3 complete exec_us=751
[   5.660048] INFO  sched: task=ctrl_loop prio=2 dispatch cycle=283
[   5.660207] INFO  sched: task=sensor_poll prio=3 dispatch cycle=566
[   5.661037] INFO  sched: task=sensor_poll prio=3 complete exec_us=831
[   5.662602] INFO  sched: task=ctrl_loop prio=2 complete exec_us=2554
[   5.669968] INFO  sched: task=sensor_poll prio=3 dispatch cycle=567
[   5.670729] INFO  sched: task=sensor_poll prio=3 complete exec_us=761
5675 ms  INFO net: frame seq=227 len=148 crc=OK
[   5.679920] INFO  sched: task=ctrl_loop prio=2 dispatch cycle=284
[   5.680172] INFO  sched: task=sensor_poll prio=3 dispatch cycle=568
[   5.681029] INFO  sched: task=sensor_poll prio=3 complete exec_us=857
[   5.682265] INFO  sched: task=ctrl_loop prio=2 complete exec_us=2345
[   5.690125] INFO  sched: task=sensor_poll prio=3 dispatch cycle=569
[   5.690925] INFO  sched: task=sensor_poll prio=3 complete exec_us=800
[   5.699506] INFO  sched: task=ctrl_loop prio=2 dispatch cycle=285
[   5.700000] DEBUG wdt: fed count=16
5700 ms  INFO net: frame seq=228 len=52 crc=OK
[   5.700212] INFO  sched: task=sensor_poll prio=3 dispatch cycle=570
[   5.700995] INFO  sched: task=sensor_poll prio=3 complete exec_us=782
[   5.701830] INFO  sched: task=telemetry prio=1 dispatch cycle=57
[   5.701870] INFO  sched: task=ctrl_loop prio=2 complete exec_us=2364
[   5.706393] INFO  sched: task=telemetry prio=1 complete exec_us=4563
[   5.709928] INFO  sched: task=sensor_poll prio=3 dispatch cycle=571
[   5.710813] INFO  sched: task=sensor_poll prio=3 complete exec_us=885
[   5.719807] INFO  sched: task=ctrl_loop prio=2 dispatch cycle=286
[   5.719995] INFO  sched: task=sensor_poll prio=3 dispatch cycle=572
[   5.720792] INFO  sched: task=sensor_poll prio=3 complete exec_us=797
[   5.722136] INFO  sched: task=ctrl_loop prio=2 complete exec_us=2329
5725 ms  INFO net: frame seq=229 len=213 crc=OK
[   5.729940] INFO  sched: task=sensor_poll prio=3 dispatch cycle=573
[   5.730741] INFO  sched: task=sensor_poll prio=3 complete exec_us=801
[   5.739706] INFO  sched: task=ctrl_loop prio=2 dispatch cycle=287
[   5.739930] INFO  sched: task=sensor_poll prio=3 dispatch cycle=574
[   5.740776] INFO  sched: task=sensor_poll prio=3 complete exec_us=845
[   5.742497] INFO  sched: task=ctrl_loop prio=2 complete exec_us=2792
[   5.749798] INFO  sched: task=sensor_poll prio=3 dispatch cycle=575
[   5.750000] DEBUG wdt: fed count=17
5750 ms  INFO net: frame seq=230 len=224 crc=OK
[   5.750563] INFO  sched: task=sensor_poll prio=3 complete exec_us=764
[   5.759818] INFO  sched: task=sensor_poll prio=3 dispatch cycle=576
[   5.759959] INFO  sched: task=ctrl_loop prio=2 dispatch cycle=288
[   5.760611] INFO  sched: task=sensor_poll prio=3 complete exec_us=793
[   5.762535] INFO  sched: task=ctrl_loop prio=2 complete exec_us=2576
[   5.769820] INFO  sched: task=sensor_poll prio=3 dispatch cycle=577
[   5.770602] INFO  sched: task=sensor_poll prio=3 complete exec_us=781
5775 ms  INFO net: frame seq=231 len=123 crc=OK
[   5.779986] INFO  sched: task=sensor_poll prio=3 dispatch cycle=578
[   5.780014] INFO  sched: task=ctrl_loop prio=2 dispatch cycle=289
[   5.780792] INFO  sched: task=sensor_poll prio=3 complete exec_us=806
[   5.782327] INFO  sched: task=ctrl_loop prio=2 complete exec_us=2312
[   5.790049] INFO  sched: task=sensor_poll prio=3 dispatch cycle=579
[   5.790871] INFO  sched: task=sensor_poll prio=3 complete exec_us=822
[   5.796871] INFO  sched: task=telemetry prio=1 dispatch cycle=58
[   5.799871] INFO  sched: task=sensor_poll prio=3 dispatch cycle=580
[   5.800000] DEBUG wdt: fed count=18
5800 ms  INFO net: frame seq=232 len=151 crc=OK
[   5.800237] INFO  sched: task=ctrl_loop prio=2 dispatch cycle=290
[   5.800649] INFO  sched: task=sensor_poll prio=3 complete exec_us=778
[   5.802559] INFO  sched: task=ctrl_loop prio=2 complete exec_us=2322
[   5.802859] INFO  sched: task=telemetry prio=1 complete exec_us=5987
[   5.809952] INFO  sched: task=sensor_poll prio=3 dispatch cycle=581
[   5.810736] INFO  sched: task=sensor_poll prio=3 complete exec_us=784
[   5.819992] INFO  sched: task=ctrl_loop prio=2 dispatch cycle=291
[   5.820091] INFO  sched: task=sensor_poll prio=3 dispatch cycle=582
[   5.821096] INFO  sched: task=sensor_poll prio=3 complete exec_us=1005
[   5.822254] INFO  sched: task=ctrl_loop prio=2 complete exec_us=2262
5825 ms  INFO net: frame seq=233 len=140 crc=OK
[   5.829966] INFO  sched: task=sensor_poll prio=3 dispatch cycle=583
[   5.830810] INFO  sched: task=sensor_poll prio=3 complete exec_us=844
[   5.840110] INFO  sched: task=sensor_poll prio=3 dispatch cycle=584
[   5.840379] INFO  sched: task=ctrl_loop prio=2 dispatch cycle=292
[   5.840838] INFO  sched: task=sensor_poll prio=3 complete exec_us=728
[   5.842558] INFO  sched: task=ctrl_loop prio=2 complete exec_us=2179
[   5.849720] INFO  sched: task=sensor_poll prio=3 dispatch cycle=585
[   5.850000] DEBUG wdt: fed count=19
5850 ms  INFO net: frame seq=234 len=209 crc=OK
[   5.850560] INFO  sched: task=sensor_poll prio=3 complete exec_us=840
[   5.859457] INFO  sched: task=ctrl_loop prio=2 dispatch cycle=293
[   5.860337] INFO  sched: task=sensor_poll prio=3 dispatch cycle=586
[   5.861083] INFO  sched: task=sensor_poll prio=3 complete exec_us=745
[   5.862199] INFO  sched: task=ctrl_loop prio=2 complete exec_us=2742
[   5.869912] INFO  sched: task=sensor_poll prio=3 dispatch cycle=587
[   5.870633] INFO  sched: task=sensor_poll prio=3 complete exec_us=721
5875 ms  INFO net: frame seq=235 len=253 crc=OK
[   5.879838] INFO  sched: task=ctrl_loop prio=2 dispatch cycle=294
[   5.879982] INFO  sched: task=sensor_poll prio=3 dispatch cycle=588
[   5.880833] INFO  sched: task=sensor_poll prio=3 complete exec_us=851
[   5.882224] INFO  sched: task=ctrl_loop prio=2 complete exec_us=2386
[   5.890152] INFO  sched: task=sensor_poll prio=3 dispatch cycle=589
[   5.891049] INFO  sched: task=sensor_poll prio=3 complete exec_us=897
[   5.899993] INFO  sched: task=sensor_poll prio=3 dispatch cycle=590
[   5.900000] DEBUG wdt: fed count=20
5900 ms  INFO net: frame seq=236 len=202 crc=OK
[   5.900710] INFO  sched: task=ctrl_loop prio=2 dispatch cycle=295
[   5.900732] INFO  sched: task=sensor_poll prio=3 complete exec_us=740
[   5.903388] INFO  sched: task=ctrl_loop prio=2 complete exec_us=2677
[   5.904582] INFO  sched: task=telemetry prio=1 dispatch cycle=59
[   5.910018] INFO  sched: task=sensor_poll prio=3 dispatch cycle=591
[   5.910234] INFO  sched: task=telemetry prio=1 complete exec_us=5652
[   5.910727] INFO  sched: task=sensor_poll prio=3 complete exec_us=709
[   5.919303] INFO  sched: task=ctrl_loop prio=2 dispatch cycle=296
[   5.920152] INFO  sched: task=sensor_poll prio=3 dispatch cycle=592
[   5.920964] INFO  sched: task=sensor_poll prio=3 complete exec_us=812
[   5.921641] INFO  sched: task=ctrl_loop prio=2 complete exec_us=2338
5925 ms  INFO net: frame seq=237 len=50 crc=OK
[   5.929731] INFO  sched: task=sensor_poll prio=3 dispatch cycle=593
[   5.930569] INFO  sched: task=sensor_poll prio=3 complete exec_us=838
[   5.939971] INFO  sched: task=sensor_poll prio=3 dispatch cycle=594
[   5.940259] INFO  sched: task=ctrl_loop prio=2 dispatch cycle=297
[   5.940634] INFO  sched: task=sensor_poll prio=3 complete exec_us=662
[   5.942593] INFO  sched: task=ctrl_loop prio=2 complete exec_us=2334
[   5.949852] INFO  sched: task=sensor_poll prio=3 dispatch cycle=595
[   5.950000] DEBUG wdt: fed count=21
5950 ms  INFO net: frame seq=238 len=150 crc=OK
[   5.950708] INFO  sched: task=sensor_poll prio=3 complete exec_us=856
[   5.960076] INFO  sched: task=sensor_poll prio=3 dispatch cycle=596
[   5.960340] INFO  sched: task=ctrl_loop prio=2 dispatch cycle=298
[   5.960823] INFO  sched: task=sensor_poll prio=3 complete exec_us=747
[   5.962824] INFO  sched: task=ctrl_loop prio=2 complete exec_us=2484
[   5.969892] INFO  sched: task=sensor_poll prio=3 dispatch cycle=597
[   5.970663] INFO  sched: task=sensor_poll prio=3 complete exec_us=772
5975 ms  INFO net: frame seq=239 len=120 crc=OK
[   5.979636] INFO  sched: task=ctrl_loop prio=2 dispatch cycle=299
[   5.980289] INFO  sched: task=sensor_poll prio=3 dispatch cycle=598
[   5.981089] INFO  sched: task=sensor_poll prio=3 complete exec_us=800
[   5.982252] INFO  sched: task=ctrl_loop prio=2 complete exec_us=2616
[   5.990088] INFO  sched: task=sensor_poll prio=3 dispatch cycle=599
[   5.990961] INFO  sched: task=sensor_poll prio=3 complete exec_us=873
[   5.999332] INFO  sched: task=ctrl_loop prio=2 dispatch cycle=300
[   5.999639] INFO  sched: task=telemetry prio=1 dispatch cycle=60
[   6.000000] DEBUG wdt: fed count=22
6000 ms  INFO net: frame seq=240 len=178 crc=OK
[   6.000404] INFO  sched: task=sensor_poll prio=3 dispatch cycle=600
[   6.001175] INFO  sched: task=sensor_poll prio=3 complete exec_us=771
[   6.001734] INFO  sched: task=ctrl_loop prio=2 complete exec_us=2402
[   6.005289] INFO  sched: task=telemetry prio=1 complete exec_us=5650
[   6.010287] INFO  sched: task=sensor_poll prio=3 dispatch cycle=601
[   6.010997] INFO  sched: task=sensor_poll prio=3 complete exec_us=710
[   6.020177] INFO  sched: task=sensor_poll prio=3 dispatch cycle=602
[   6.020244] INFO  sched: task=ctrl_loop prio=2 dispatch cycle=301
[   6.020876] INFO  sched: task=sensor_poll prio=3 complete exec_us=700
[   6.022959] INFO  sched: task=ctrl_loop prio=2 complete exec_us=2714
6025 ms  INFO net: frame seq=241 len=113 crc=OK
[   6.030012] INFO  sched: task=sensor_poll prio=3 dispatch cycle=603
[   6.030752] INFO  sched: task=sensor_poll prio=3 complete exec_us=740
[   6.039921] INFO  sched: task=sensor_poll prio=3 dispatch cycle=604
[   6.040151] INFO  sched: task=ctrl_loop prio=2 dispatch cycle=302
[   6.040687] INFO  sched: task=sensor_poll prio=3 complete exec_us=766
[   6.042552] INFO  sched: task=ctrl_loop prio=2 complete exec_us=2401
[   6.049666] INFO  sched: task=sensor_poll prio=3 dispatch cycle=605
[   6.050000] DEBUG wdt: fed count=23
6050 ms  INFO net: frame seq=242 len=31 crc=OK
[   6.050416] INFO  sched: task=sensor_poll prio=3 complete exec_us=749
[   6.059691] INFO  sched: task=ctrl_loop prio=2 dispatch cycle=303
[   6.059858] INFO  sched: task=sensor_poll prio=3 dispatch cycle=606
[   6.060781] INFO  sched: task=sensor_poll prio=3 complete exec_us=923
[   6.062093] INFO  sched: task=ctrl_loop prio=2 complete exec_us=2402
[   6.069815] INFO  sched: task=sensor_poll prio=3 dispatch cycle=607
[   6.070668] INFO  sched: task=sensor_poll prio=3 complete exec_us=853
6075 ms  INFO net: frame seq=243 len=171 crc=OK
[   6.079850] INFO  sched: task=sensor_poll prio=3 dispatch cycle=608
[   6.080095] INFO  sched: task=ctrl_loop prio=2 dispatch cycle=304
[   6.080593] INFO  sched: task=sensor_poll prio=3 complete exec_us=743
[   6.082422] INFO  sched: task=ctrl_loop prio=2 complete exec_us=2327
[   6.090413] INFO  sched: task=sensor_poll prio=3 dispatch cycle=609
[   6.091197] INFO  sched: task=sensor_poll prio=3 complete exec_us=784
[   6.099664] INFO  sched: task=telemetry prio=1 dispatch cycle=61
[   6.099964] INFO  sched: task=ctrl_loop prio=2 dispatch cycle=305
[   6.099977] INFO  sched: task=sensor_poll prio=3 dispatch cycle=610
[   6.100000] DEBUG wdt: fed count=24
6100 ms  INFO net: frame seq=244 len=203 crc=OK
[   6.100816] INFO  sched: task=sensor_poll prio=3 complete exec_us=839
[   6.102226] INFO  sched: task=ctrl_loop prio=2 complete exec_us=2262
[   6.105539] INFO  sched: task=telemetry prio=1 complete exec_us=5875
[   6.110128] INFO  sched: task=sensor_poll prio=3 dispatch cycle=611
[   6.110849] INFO  sched: task=sensor_poll prio=3 complete exec_us=722
[   6.119731] INFO  sched: task=ctrl_loop prio=2 dispatch cycle=306
[   6.119955] INFO  sched: task=sensor_poll prio=3 dispatch cycle=612
[   6.120683] INFO  sched: task=sensor_poll prio=3 complete exec_us=728
[   6.122454] INFO  sched: task=ctrl_loop prio=2 complete exec_us=2722
6125 ms  INFO net: frame seq=245 len=232 crc=OK
[   6.129815] INFO  sched: task=sensor_poll prio=3 dispatch cycle=613
[   6.130580] INFO  sched: task=sensor_poll prio=3 complete exec_us=765
[   6.140006] INFO  sched: task=sensor_poll prio=3 dispatch cycle=614
[   6.140301] INFO  sched: task=ctrl_loop prio=2 dispatch cycle=307
[   6.140635] INFO  sched: task=sensor_poll prio=3 complete exec_us=629
[   6.142691] INFO  sched: task=ctrl_loop prio=2 complete exec_us=2390
[   6.149565] INFO  sched: task=sensor_poll prio=3 dispatch cycle=615
[   6.150000] DEBUG wdt: fed count=25
6150 ms  INFO net: frame seq=246 len=196 crc=OK
[   6.150303] INFO  sched: task=sensor_poll prio=3 complete exec_us=738
[   6.159656] INFO  sched: task=sensor_poll prio=3 dispatch cycle=616
[   6.160074] INFO  sched: task=ctrl_loop prio=2 dispatch cycle=308
[   6.160400] INFO  sched: task=sensor_poll prio=3 complete exec_us=744
[   6.162736] INFO  sched: task=ctrl_loop prio=2 complete exec_us=2661
[   6.170074] INFO  sched: task=sensor_poll prio=3 dispatch cycle=617
[   6.170793] INFO  sched: task=sensor_poll prio=3 complete exec_us=719
6175 ms  INFO net: frame seq=247 len=228 crc=OK
[   6.179897] INFO  sched: task=sensor_poll prio=3 dispatch cycle=618
[   6.180162] INFO  sched: task=ctrl_loop prio=2 dispatch cycle=309
[   6.180774] INFO  sched: task=sensor_poll prio=3 complete exec_us=877
[   6.182623] INFO  sched: task=ctrl_loop prio=2 complete exec_us=2461
[   6.189848] INFO  sched: task=sensor_poll prio=3 dispatch cycle=619
[   6.190640] INFO  sched: task=sensor_poll prio=3 complete exec_us=793
[   6.199383] INFO  sched: task=ctrl_loop prio=2 dispatch cycle=310
[   6.200000] DEBUG wdt: fed count=26
6200 ms  INFO net: frame seq=248 len=48 crc=OK
[   6.200076] INFO  sched: task=sensor_poll prio=3 dispatch cycle=620
[   6.200812] INFO  sched: task=sensor_poll prio=3 complete exec_us=736
[   6.201945] INFO  sched: task=ctrl_loop prio=2 complete exec_us=2562
[   6.201970] INFO  sched: task=telemetry prio=1 dispatch cycle=62
[   6.206818] INFO  sched: task=telemetry prio=1 complete exec_us=4848
[   6.209818] INFO  sched: task=sensor_poll prio=3 dispatch cycle=621
[   6.210666] INFO  sched: task=sensor_poll prio=3 complete exec_us=848
[   6.220213] INFO  sched: task=sensor_poll prio=3 dispatch cycle=622
[   6.220287] INFO  sched: task=ctrl_loop prio=2 dispatch cycle=311
[   6.220934] INFO  sched: task=sensor_poll prio=3 complete exec_us=721
[   6.222925] INFO  sched: task=ctrl_loop prio=2 complete exec_us=2638
6225 ms  INFO net: frame seq=249 len=150 crc=OK
[   6.230321] INFO  sched: task=sensor_poll prio=3 dispatch cycle=623
[   6.231176] INFO  sched: task=sensor_poll prio=3 complete exec_us=855
[   6.239788] INFO  sched: task=sensor_poll prio=3 dispatch cycle=624
[   6.240127] INFO  sched: task=ctrl_loop prio=2 dispatch cycle=312
[   6.240560] INFO  sched: task=sensor_poll prio=3 complete exec_us=772
[   6.242707] INFO  sched: task=ctrl_loop prio=2 complete exec_us=2580
[   6.249632] INFO  sched: task=sensor_poll prio=3 dispatch cycle=625
[   6.250000] DEBUG wdt: fed count=27
6250 ms  INFO net: frame seq=250 len=89 crc=FAIL
[   6.250491] INFO  sched: task=sensor_poll prio=3 complete exec_us=859
[   6.259855] INFO  sched: task=sensor_poll prio=3 dispatch cycle=626
[   6.260163] INFO  sched: task=ctrl_loop prio=2 dispatch cycle=313
[   6.260757] INFO  sched: task=sensor_poll prio=3 complete exec_us=901
[   6.262663] INFO  sched: task=ctrl_loop prio=2 complete exec_us=2500
[   6.270162] INFO  sched: task=sensor_poll prio=3 dispatch cycle=627
[   6.270925] INFO  sched: task=sensor_poll prio=3 complete exec_us=763
6275 ms  INFO net: frame seq=251 len=96 crc=OK
[   6.280076] INFO  sched: task=sensor_poll prio=3 dispatch cycle=628
[   6.280189] INFO  sched: task=ctrl_loop prio=2 dispatch cycle=314
[   6.280872] INFO  sched: task=sensor_poll prio=3 complete exec_us=796
[   6.282529] INFO  sched: task=ctrl_loop prio=2 complete exec_us=2341
[   6.290013] INFO  sched: task=sensor_poll prio=3 dispatch cycle=629
[   6.290784] INFO  sched: task=sensor_poll prio=3 complete exec_us=771
[   6.298767] INFO  sched: task=telemetry prio=1 dispatch cycle=63
[   6.299185] INFO  sched: task=ctrl_loop prio=2 dispatch cycle=315
[   6.300000] DEBUG wdt: fed count=28
6300 ms  INFO net: frame seq=252 len=233 crc=OK
[   6.300169] INFO  sched: task=sensor_poll prio=3 dispatch cycle=630
[   6.300907] INFO  sched: task=sensor_poll prio=3 complete exec_us=738
[   6.301578] INFO  sched: task=ctrl_loop prio=2 complete exec_us=2393
[   6.305103] INFO  sched: task=telemetry prio=1 complete exec_us=6337
[   6.310019] INFO  sched: task=sensor_poll prio=3 dispatch cycle=631
[   6.310707] INFO  sched: task=sensor_poll prio=3 complete exec_us=688
[   6.319877] INFO  sched: task=sensor_poll prio=3 dispatch cycle=632
[   6.320141] INFO  sched: task=ctrl_loop prio=2 dispatch cycle=316
[   6.320639] INFO  sched: task=sensor_poll prio=3 complete exec_us=762
[   6.322831] INFO  sched: task=ctrl_loop prio=2 complete exec_us=2690
6325 ms  INFO net: frame seq=253 len=67 crc=OK
[   6.330534] INFO  sched: task=sensor_poll prio=3 dispatch cycle=633
[   6.334944] INFO  sched: task=sensor_poll prio=3 complete exec_us=4410
[   6.340055] INFO  sched: task=sensor_poll prio=3 dispatch cycle=634
[   6.340287] INFO  sched: task=ctrl_loop prio=2 dispatch cycle=317
[   6.340960] INFO  sched: task=sensor_poll prio=3 complete exec_us=905
[   6.342945] INFO  sched: task=ctrl_loop prio=2 complete exec_us=2659
[   6.350000] DEBUG wdt: fed count=29
6350 ms  INFO net: frame seq=254 len=112 crc=OK
[   6.350165] INFO  sched: task=sensor_poll prio=3 dispatch cycle=635
[   6.351055] INFO  sched: task=sensor_poll prio=3 complete exec_us=889
[   6.360218] INFO  sched: task=sensor_poll prio=3 dispatch cycle=636
[   6.360330] INFO  sched: task=ctrl_loop prio=2 dispatch cycle=318
[   6.361009] INFO  sched: task=sensor_poll prio=3 complete exec_us=791
[   6.362901] INFO  sched: task=ctrl_loop prio=2 complete exec_us=2571
[   6.370058] INFO  sched: task=sensor_poll prio=3 dispatch cycle=637
[   6.370821] INFO  sched: task=sensor_poll prio=3 complete exec_us=763
6375 ms  INFO net: frame seq=255 len=161 crc=OK
[   6.379878] INFO  sched: task=sensor_poll prio=3 dispatch cycle=638
[   6.380051] INFO  sched: task=ctrl_loop prio=2 dispatch cycle=319
[   6.380700] INFO  sched: task=sensor_poll prio=3 complete exec_us=822
[   6.382535] INFO  sched: task=ctrl_loop prio=2 complete exec_us=2484
[   6.389926] INFO  sched: task=sensor_poll prio=3 dispatch cycle=639
[   6.390652] INFO  sched: task=sensor_poll prio=3 complete exec_us=726
[   6.399781] INFO  sched: task=ctrl_loop prio=2 dispatch cycle=320
[   6.400000] DEBUG wdt: fed count=30
6400 ms  INFO net: frame seq=256 len=148 crc=OK
[   6.400066] INFO  sched: task=sensor_poll prio=3 dispatch cycle=640
[   6.400831] INFO  sched: task=sensor_poll prio=3 complete exec_us=766
[   6.402187] INFO  sched: task=ctrl_loop prio=2 complete exec_us=2406
[   6.402355] INFO  sched: task=telemetry prio=1 dispatch cycle=64
[   6.407734] INFO  sched: task=telemetry prio=1 complete exec_us=5379
[   6.410159] INFO  sched: task=sensor_poll prio=3 dispatch cycle=641
[   6.410988] INFO  sched: task=sensor_poll prio=3 complete exec_us=829
[   6.419338] INFO  sched: task=ctrl_loop prio=2 dispatch cycle=321
[   6.419885] INFO  sched: task=sensor_poll prio=3 dispatch cycle=642
[   6.420684] INFO  sched: task=sensor_poll prio=3 complete exec_us=800
[   6.422350] INFO  sched: task=ctrl_loop prio=2 complete exec_us=3013
6425 ms  INFO net: frame seq=257 len=200 crc=OK
[   6.429901] INFO  sched: task=sensor_poll prio=3 dispatch cycle=643
[   6.430662] INFO  sched: task=sensor_poll prio=3 complete exec_us=762
[   6.439848] INFO  sched: task=ctrl_loop prio=2 dispatch cycle=322
[   6.440374] INFO  sched: task=sensor_poll prio=3 dispatch cycle=644
[   6.441219] INFO  sched: task=sensor_poll prio=3 complete exec_us=845
[   6.442448] INFO  sched: task=ctrl_loop prio=2 complete exec_us=2601
[   6.450000] DEBUG wdt: fed count=31
6450 ms  INFO net: frame seq=258 len=133 crc=OK
[   6.450082] INFO  sched: task=sensor_poll prio=3 dispatch cycle=645
[   6.450832] INFO  sched: task=sensor_poll prio=3 complete exec_us=750
[   6.460093] INFO  sched: task=ctrl_loop prio=2 dispatch cycle=323
[   6.460132] INFO  sched: task=sensor_poll prio=3 dispatch cycle=646
[   6.461006] INFO  sched: task=sensor_poll prio=3 complete exec_us=874
[   6.462279] INFO  sched: task=ctrl_loop prio=2 complete exec_us=2186
[   6.470269] INFO  sched: task=sensor_poll prio=3 dispatch cycle=647
[   6.471136] INFO  sched: task=sensor_poll prio=3 complete exec_us=867
6475 ms  INFO net: frame seq=259 len=43 crc=OK
[   6.479071] INFO  sched: task=ctrl_loop prio=2 dispatch cycle=324
[   6.480236] INFO  sched: task=sensor_poll prio=3 dispatch cycle=648
[   6.480946] INFO  sched: task=sensor_poll prio=3 complete exec_us=710
[   6.481523] INFO  sched: task=ctrl_loop prio=2 complete exec_us=2452
[   6.490219] INFO  sched: task=sensor_poll prio=3 dispatch cycle=649
[   6.490954] INFO  sched: task=sensor_poll prio=3 complete exec_us=734
[   6.499046] INFO  sched: task=ctrl_loop prio=2 dispatch cycle=325
[   6.499960] INFO  sched: task=sensor_poll prio=3 dispatch cycle=650
[   6.500000] DEBUG wdt: fed count=32
6500 ms  INFO net: frame seq=260 len=112 crc=OK
[   6.500226] INFO  sched: task=telemetry prio=1 dispatch cycle=65
[   6.500766] INFO  sched: task=sensor_poll prio=3 complete exec_us=806
[   6.501400] INFO  sched: task=ctrl_loop prio=2 complete exec_us=2355
[   6.506551] INFO  sched: task=telemetry prio=1 complete exec_us=6324
[   6.510000] INFO  sched: task=sensor_poll prio=3 dispatch cycle=651
[   6.510867] INFO  sched: task=sensor_poll prio=3 complete exec_us=867
[   6.519297] INFO  sched: task=ctrl_loop prio=2 dispatch cycle=326
[   6.520258] INFO  sched: task=sensor_poll prio=3 dispatch cycle=652
[   6.521043] INFO  sched: task=sensor_poll prio=3 complete exec_us=785
[   6.521856] INFO  sched: task=ctrl_loop prio=2 complete exec_us=2559
6525 ms  INFO net: frame seq=261 len=185 crc=OK
[   6.530112] INFO  sched: task=sensor_poll prio=3 dispatch cycle=653
[   6.530885] INFO  sched: task=sensor_poll prio=3 complete exec_us=773
[   6.539891] INFO  sched: task=ctrl_loop prio=2 dispatch cycle=327
[   6.540152] INFO  sched: task=sensor_poll prio=3 dispatch cycle=654
[   6.540940] INFO  sched: task=sensor_poll prio=3 complete exec_us=788
[   6.542585] INFO  sched: task=ctrl_loop prio=2 complete exec_us=2695
[   6.550000] DEBUG wdt: fed count=33
6550 ms  INFO net: frame seq=262 len=43 crc=OK
[   6.550130] INFO  sched: task=sensor_poll prio=3 dispatch cycle=655
[   6.550810] INFO  sched: task=sensor_poll prio=3 complete exec_us=680
[   6.559739] INFO  sched: task=ctrl_loop prio=2 dispatch cycle=328
[   6.559772] INFO  sched: task=sensor_poll prio=3 dispatch cycle=656
[   6.560617] INFO  sched: task=sensor_poll prio=3 complete exec_us=844
[   6.562371] INFO  sched: task=ctrl_loop prio=2 complete exec_us=2632
[   6.570020] INFO  sched: task=sensor_poll prio=3 dispatch cycle=657
[   6.570882] INFO  sched: task=sensor_poll prio=3 complete exec_us=862
6575 ms  INFO net: frame seq=263 len=115 crc=OK
[   6.580276] INFO  sched: task=ctrl_loop prio=2 dispatch cycle=329
[   6.580390] INFO  sched: task=sensor_poll prio=3 dispatch cycle=658
[   6.581262] INFO  sched: task=sensor_poll prio=3 complete exec_us=873
[   6.582848] INFO  sched: task=ctrl_loop prio=2 complete exec_us=2572
[   6.590144] INFO  sched: task=sensor_poll prio=3 dispatch cycle=659
[   6.590936] INFO  sched: task=sensor_poll prio=3 complete exec_us=792
[   6.600000] DEBUG wdt: fed count=34
6600 ms  INFO net: frame seq=264 len=196 crc=OK
[   6.600006] INFO  sched: task=ctrl_loop prio=2 dispatch cycle=330
[   6.600206] INFO  sched: task=sensor_poll prio=3 dispatch cycle=660
[   6.600870] INFO  sched: task=sensor_poll prio=3 complete exec_us=664
[   6.602607] INFO  sched: task=telemetry prio=1 dispatch cycle=66
[   6.607110] INFO  sched: task=telemetry prio=1 complete exec_us=4502
[   6.609947] INFO  sched: task=sensor_poll prio=3 dispatch cycle=661
[   6.610700] INFO  sched: task=sensor_poll prio=3 complete exec_us=753
[   6.618496] INFO  sched: task=ctrl_loop prio=2 complete exec_us=18490
[   6.619655] INFO  sched: task=ctrl_loop prio=2 dispatch cycle=331
[   6.620322] INFO  sched: task=sensor_poll prio=3 dispatch cycle=662
[   6.621200] INFO  sched: task=sensor_poll prio=3 complete exec_us=879
[   6.622138] INFO  sched: task=ctrl_loop prio=2 complete exec_us=2483
6625 ms  INFO net: frame seq=265 len=70 crc=OK
[   6.630441] INFO  sched: task=sensor_poll prio=3 dispatch cycle=663
[   6.631295] INFO  sched: task=sensor_poll prio=3 complete exec_us=854
[   6.640141] INFO  sched: task=sensor_poll prio=3 dispatch cycle=664
[   6.640325] INFO  sched: task=ctrl_loop prio=2 dispatch cycle=332
[   6.640960] INFO  sched: task=sensor_poll prio=3 complete exec_us=819
[   6.642781] INFO  sched: task=ctrl_loop prio=2 complete exec_us=2456
[   6.649939] INFO  sched: task=sensor_poll prio=3 dispatch cycle=665
[   6.650000] DEBUG wdt: fed count=35
6650 ms  INFO net: frame seq=266 len=78 crc=OK
[   6.650831] INFO  sched: task=sensor_poll prio=3 complete exec_us=893
[   6.659734] INFO  sched: task=sensor_poll prio=3 dispatch cycle=666
[   6.660447] INFO  sched: task=sensor_poll prio=3 complete exec_us=714
[   6.660625] INFO  sched: task=ctrl_loop prio=2 dispatch cycle=333
[   6.662954] INFO  sched: task=ctrl_loop prio=2 complete exec_us=2329
[   6.669957] INFO  sched: task=sensor_poll prio=3 dispatch cycle=667
[   6.670699] INFO  sched: task=sensor_poll prio=3 complete exec_us=742
6675 ms  INFO net: frame seq=267 len=207 crc=OK
[   6.680052] INFO  sched: task=ctrl_loop prio=2 dispatch cycle=334
[   6.680140] INFO  sched: task=sensor_poll prio=3 dispatch cycle=668
[   6.681003] INFO  sched: task=sensor_poll prio=3 complete exec_us=863
[   6.682562] INFO  sched: task=ctrl_loop prio=2 complete exec_us=2510
[   6.689989] INFO  sched: task=sensor_poll prio=3 dispatch cycle=669
[   6.690736] INFO  sched: task=sensor_poll prio=3 complete exec_us=747
[   6.699713] INFO  sched: task=telemetry prio=1 dispatch cycle=67
[   6.699731] INFO  sched: task=sensor_poll prio=3 dispatch cycle=670
[   6.699822] INFO  sched: task=ctrl_loop prio=2 dispatch cycle=335
[   6.700000] DEBUG wdt: fed count=36
6700 ms  INFO net: frame seq=268 len=140 crc=OK
[   6.700506] INFO  sched: task=sensor_poll prio=3 complete exec_us=776
[   6.702117] INFO  sched: task=ctrl_loop prio=2 complete exec_us=2294
[   6.705974] INFO  sched: task=telemetry prio=1 complete exec_us=6260
[   6.709988] INFO  sched: task=sensor_poll prio=3 dispatch cycle=671
[   6.710880] INFO  sched: task=sensor_poll prio=3 complete exec_us=892
[   6.719755] INFO  sched: task=sensor_poll prio=3 dispatch cycle=672
[   6.719938] INFO  sched: task=ctrl_loop prio=2 dispatch cycle=336
[   6.720418] INFO  sched: task=sensor_poll prio=3 complete exec_us=663
[   6.722628] INFO  sched: task=ctrl_loop prio=2 complete exec_us=2690
6725 ms  INFO net: frame seq=269 len=96 crc=OK
[   6.730268] INFO  sched: task=sensor_poll prio=3 dispatch cycle=673
[   6.731048] INFO  sched: task=sensor_poll prio=3 complete exec_us=780
[   6.739670] INFO  sched: task=sensor_poll prio=3 dispatch cycle=674
[   6.739685] INFO  sched: task=ctrl_loop prio=2 dispatch cycle=337
[   6.740454] INFO  sched: task=sensor_poll prio=3 complete exec_us=784
[   6.742051] INFO  sched: task=ctrl_loop prio=2 complete exec_us=2366
[   6.750000] DEBUG wdt: fed count=37
6750 ms  INFO net: frame seq=270 len=68 crc=OK
[   6.750082] INFO  sched: task=sensor_poll prio=3 dispatch cycle=675
[   6.750950] INFO  sched: task=sensor_poll prio=3 complete exec_us=868
[   6.759714] INFO  sched: task=sensor_poll prio=3 dispatch cycle=676
[   6.760092] INFO  sched: task=ctrl_loop prio=2 dispatch cycle=338
[   6.760534] INFO  sched: task=sensor_poll prio=3 complete exec_us=820
[   6.762883] INFO  sched: task=ctrl_loop prio=2 complete exec_us=2790
[   6.770102] INFO  sched: task=sensor_poll prio=3 dispatch cycle=677
[   6.770797] INFO  sched: task=sensor_poll prio=3 complete exec_us=695
6775 ms  INFO net: frame seq=271 len=22 crc=OK
[   6.779918] INFO  sched: task=sensor_poll prio=3 dispatch cycle=678
[   6.780277] INFO  sched: task=ctrl_loop prio=2 dispatch cycle=339
[   6.780638] INFO  sched: task=sensor_poll prio=3 complete exec_us=719
[   6.783092] INFO  sched: task=ctrl_loop prio=2 complete exec_us=2815
[   6.790123] INFO  sched: task=sensor_poll prio=3 dispatch cycle=679
[   6.790924] INFO  sched: task=sensor_poll prio=3 complete exec_us=801
[   6.798894] INFO  sched: task=telemetry prio=1 dispatch cycle=68
[   6.799782] INFO  sched: task=sensor_poll prio=3 dispatch cycle=680
[   6.800000] DEBUG wdt: fed count=38
6800 ms  INFO net: frame seq=272 len=232 crc=OK
[   6.800025] INFO  sched: task=ctrl_loop prio=2 dispatch cycle=340
[   6.800650] INFO  sched: task=sensor_poll prio=3 complete exec_us=867
[   6.802632] INFO  sched: task=ctrl_loop prio=2 complete exec_us=2607
[   6.805554] INFO  sched: task=telemetry prio=1 complete exec_us=6660
[   6.809828] INFO  sched: task=sensor_poll prio=3 dispatch cycle=681
[   6.810666] INFO  sched: task=sensor_poll prio=3 complete exec_us=839
[   6.820120] INFO  sched: task=ctrl_loop prio=2 dispatch cycle=341
[   6.820246] INFO  sched: task=sensor_poll prio=3 dispatch cycle=682
[   6.821039] INFO  sched: task=sensor_poll prio=3 complete exec_us=793
[   6.822701] INFO  sched: task=ctrl_loop prio=2 complete exec_us=2581
6825 ms  INFO net: frame seq=273 len=154 crc=OK
[   6.829896] INFO  sched: task=sensor_poll prio=3 dispatch cycle=683
[   6.830785] INFO  sched: task=sensor_poll prio=3 complete exec_us=889
[   6.839983] INFO  sched: task=sensor_poll prio=3 dispatch cycle=684
[   6.840154] INFO  sched: task=ctrl_loop prio=2 dispatch cycle=342
[   6.840660] INFO  sched: task=sensor_poll prio=3 complete exec_us=677
[   6.850000] DEBUG wdt: fed count=39
6850 ms  INFO net: frame seq=274 len=233 crc=OK
[   6.850269] INFO  sched: task=sensor_poll prio=3 dispatch cycle=685
[   6.851052] INFO  sched: task=sensor_poll prio=3 complete exec_us=783
[   6.854649] INFO  sched: task=ctrl_loop prio=2 complete exec_us=14495
[   6.859549] INFO  sched: task=ctrl_loop prio=2 dispatch cycle=343
[   6.859912] INFO  sched: task=sensor_poll prio=3 dispatch cycle=686
[   6.860718] INFO  sched: task=sensor_poll prio=3 complete exec_us=806
[   6.862022] INFO  sched: task=ctrl_loop prio=2 complete exec_us=2473
[   6.870165] INFO  sched: task=sensor_poll prio=3 dispatch cycle=687
[   6.870885] INFO  sched: task=sensor_poll prio=3 complete exec_us=719
6875 ms  INFO net: frame seq=275 len=26 crc=OK
[   6.880050] INFO  sched: task=sensor_poll prio=3 dispatch cycle=688
[   6.880358] INFO  sched: task=ctrl_loop prio=2 dispatch cycle=344
[   6.880875] INFO  sched: task=sensor_poll prio=3 complete exec_us=824
[   6.882607] INFO  sched: task=ctrl_loop prio=2 complete exec_us=2249
[   6.889685] INFO  sched: task=sensor_poll prio=3 dispatch cycle=689
[   6.890488] INFO  sched: task=sensor_poll prio=3 complete exec_us=803
[   6.899458] INFO  sched: task=telemetry prio=1 dispatch cycle=69
[   6.899872] INFO  sched: task=ctrl_loop prio=2 dispatch cycle=345
[   6.899979] INFO  sched: task=sensor_poll prio=3 dispatch cycle=690
[   6.900000] DEBUG wdt: fed count=40
6900 ms  INFO net: frame seq=276 len=46 crc=OK
[   6.900700] INFO  sched: task=sensor_poll prio=3 complete exec_us=721
[   6.902511] INFO  sched: task=ctrl_loop prio=2 complete exec_us=2639
[   6.903891] INFO  sched: task=telemetry prio=1 complete exec_us=4433
[   6.910018] INFO  sched: task=sensor_poll prio=3 dispatch cycle=691
[   6.910796] INFO  sched: task=sensor_poll prio=3 complete exec_us=777
[   6.919753] INFO  sched: task=ctrl_loop prio=2 dispatch cycle=346
[   6.920022] INFO  sched: task=sensor_poll prio=3 dispatch cycle=692
[   6.920839] INFO  sched: task=sensor_poll prio=3 complete exec_us=816
[   6.922151] INFO  sched: task=ctrl_loop prio=2 complete exec_us=2398
6925 ms  INFO net: frame seq=277 len=222 crc=OK
[   6.929727] INFO  sched: task=sensor_poll prio=3 dispatch cycle=693
[   6.930516] INFO  sched: task=sensor_poll prio=3 complete exec_us=790
[   6.940185] INFO  sched: task=ctrl_loop prio=2 dispatch cycle=347
[   6.940316] INFO  sched: task=sensor_poll prio=3 dispatch cycle=694
[   6.941071] INFO  sched: task=sensor_poll prio=3 complete exec_us=755
[   6.942535] INFO  sched: task=ctrl_loop prio=2 complete exec_us=2350
[   6.950000] DEBUG wdt: fed count=41
6950 ms  INFO net: frame seq=278 len=143 crc=OK
[   6.950508] INFO  sched: task=sensor_poll prio=3 dispatch cycle=695
[   6.951313] INFO  sched: task=sensor_poll prio=3 complete exec_us=805
[   6.959698] INFO  sched: task=ctrl_loop prio=2 dispatch cycle=348
[   6.960099] INFO  sched: task=sensor_poll prio=3 dispatch cycle=696
[   6.960922] INFO  sched: task=sensor_poll prio=3 complete exec_us=823
[   6.962369] INFO  sched: task=ctrl_loop prio=2 complete exec_us=2670
[   6.970086] INFO  sched: task=sensor_poll prio=3 dispatch cycle=697
[   6.970938] INFO  sched: task=sensor_poll prio=3 complete exec_us=852
6975 ms  INFO net: frame seq=279 len=211 crc=OK
[   6.979733] INFO  sched: task=ctrl_loop prio=2 dispatch cycle=349
[   6.979825] INFO  sched: task=sensor_poll prio=3 dispatch cycle=698
[   6.980695] INFO  sched: task=sensor_poll prio=3 complete exec_us=870
[   6.982344] INFO  sched: task=ctrl_loop prio=2 complete exec_us=2611
[   6.990075] INFO  sched: task=sensor_poll prio=3 dispatch cycle=699
[   6.990794] INFO  sched: task=sensor_poll prio=3 complete exec_us=719
[   6.999895] INFO  sched: task=sensor_poll prio=3 dispatch cycle=700
[   7.000000] DEBUG wdt: fed count=42
7000 ms  INFO net: frame seq=280 len=28 crc=OK
[   7.000311] INFO  sched: task=ctrl_loop prio=2 dispatch cycle=350
[   7.000682] INFO  sched: task=telemetry prio=1 dispatch cycle=70
[   7.000775] INFO  sched: task=sensor_poll prio=3 complete exec_us=880
[   7.002544] INFO  sched: task=ctrl_loop prio=2 complete exec_us=2233
[   7.006076] INFO  sched: task=telemetry prio=1 complete exec_us=5394
[   7.009802] INFO  sched: task=sensor_poll prio=3 dispatch cycle=701
[   7.010565] INFO  sched: task=sensor_poll prio=3 complete exec_us=764
[   7.020089] INFO  sched: task=sensor_poll prio=3 dispatch cycle=702
[   7.020578] INFO  sched: task=ctrl_loop prio=2 dispatch cycle=351
[   7.020980] INFO  sched: task=sensor_poll prio=3 complete exec_us=891
[   7.023221] INFO  sched: task=ctrl_loop prio=2 complete exec_us=2643
7025 ms  INFO net: frame seq=281 len=101 crc=OK
[   7.030149] INFO  sched: task=sensor_poll prio=3 dispatch cycle=703
[   7.030959] INFO  sched: task=sensor_poll prio=3 complete exec_us=810
[   7.040321] INFO  sched: task=sensor_poll prio=3 dispatch cycle=704
[   7.040425] INFO  sched: task=ctrl_loop prio=2 dispatch cycle=352
[   7.041175] INFO  sched: task=sensor_poll prio=3 complete exec_us=855
[   7.042730] INFO  sched: task=ctrl_loop prio=2 complete exec_us=2305
[   7.050000] DEBUG wdt: fed count=43
7050 ms  INFO net: frame seq=282 len=220 crc=OK
[   7.050255] INFO  sched: task=sensor_poll prio=3 dispatch cycle=705
[   7.059277] INFO  sched: task=sensor_poll prio=3 complete exec_us=9022
[   7.059853] INFO  sched: task=sensor_poll prio=3 dispatch cycle=706
[   7.060007] INFO  sched: task=ctrl_loop prio=2 dispatch cycle=353
[   7.060782] INFO  sched: task=sensor_poll prio=3 complete exec_us=929
[   7.062239] INFO  sched: task=ctrl_loop prio=2 complete exec_us=2232
[   7.070133] INFO  sched: task=sensor_poll prio=3 dispatch cycle=707
[   7.070979] INFO  sched: task=sensor_poll prio=3 complete exec_us=846
7075 ms  INFO net: frame seq=283 len=105 crc=OK
[   7.080004] INFO  sched: task=sensor_poll prio=3 dispatch cycle=708
[   7.080101] INFO  sched: task=ctrl_loop prio=2 dispatch cycle=354
[   7.080778] INFO  sched: task=sensor_poll prio=3 complete exec_us=773
[   7.082429] INFO  sched: task=ctrl_loop prio=2 complete exec_us=2328
[   7.090295] INFO  sched: task=sensor_poll prio=3 dispatch cycle=709
[   7.091174] INFO  sched: task=sensor_poll prio=3 complete exec_us=879
[   7.099904] INFO  sched: task=sensor_poll prio=3 dispatch cycle=710
[   7.100000] DEBUG wdt: fed count=44
7100 ms  INFO net: frame seq=284 len=43 crc=OK
[   7.100250] INFO  sched: task=telemetry prio=1 dispatch cycle=71
[   7.100531] INFO  sched: task=ctrl_loop prio=2 dispatch cycle=355
[   7.100762] INFO  sched: task=sensor_poll prio=3 complete exec_us=858
[   7.103105] INFO  sched: task=ctrl_loop prio=2 complete exec_us=2574
[   7.105919] INFO  sched: task=telemetry prio=1 complete exec_us=5669
[   7.109585] INFO  sched: task=sensor_poll prio=3 dispatch cycle=711
[   7.110461] INFO  sched: task=sensor_poll prio=3 complete exec_us=875
[   7.119606] INFO  sched: task=sensor_poll prio=3 dispatch cycle=712
[   7.120068] INFO  sched: task=ctrl_loop prio=2 dispatch cycle=356
[   7.120424] INFO  sched: task=sensor_poll prio=3 complete exec_us=818
[   7.122621] INFO  sched: task=ctrl_loop prio=2 complete exec_us=2552
7125 ms  INFO net: frame seq=285 len=32 crc=OK
[   7.130175] INFO  sched: task=sensor_poll prio=3 dispatch cycle=713
[   7.131076] INFO  sched: task=sensor_poll prio=3 complete exec_us=901
[   7.139856] INFO  sched: task=ctrl_loop prio=2 dispatch cycle=357
[   7.140289] INFO  sched: task=sensor_poll prio=3 dispatch cycle=714
[   7.141019] INFO  sched: task=sensor_poll prio=3 complete exec_us=730
[   7.142745] INFO  sched: task=ctrl_loop prio=2 complete exec_us=2889
[   7.149954] INFO  sched: task=sensor_poll prio=3 dispatch cycle=715
[   7.150000] DEBUG wdt: fed count=45
7150 ms  INFO net: frame seq=286 len=105 crc=OK
[   7.150778] INFO  sched: task=sensor_poll prio=3 complete exec_us=824
[   7.159829] INFO  sched: task=sensor_poll prio=3 dispatch cycle=716
[   7.160118] INFO  sched: task=ctrl_loop prio=2 dispatch cycle=358
[   7.160648] INFO  sched: task=sensor_poll prio=3 complete exec_us=819
[   7.162489] INFO  sched: task=ctrl_loop prio=2 complete exec_us=2370
[   7.170061] INFO  sched: task=sensor_poll prio=3 dispatch cycle=717
[   7.170982] INFO  sched: task=sensor_poll prio=3 complete exec_us=921
7175 ms  INFO net: frame seq=287 len=182 crc=OK
[   7.179445] INFO  sched: task=ctrl_loop prio=2 dispatch cycle=359
[   7.179736] INFO  sched: task=sensor_poll prio=3 dispatch cycle=718
[   7.180508] INFO  sched: task=sensor_poll prio=3 complete exec_us=772
[   7.181675] INFO  sched: task=ctrl_loop prio=2 complete exec_us=2230
[   7.189799] INFO  sched: task=sensor_poll prio=3 dispatch cycle=719
[   7.190598] INFO  sched: task=sensor_poll prio=3 complete exec_us=799
[   7.199839] INFO  sched: task=ctrl_loop prio=2 dispatch cycle=360
[   7.200000] DEBUG wdt: fed count=46
7200 ms  INFO net: frame seq=288 len=88 crc=OK
[   7.200184] INFO  sched: task=sensor_poll prio=3 dispatch cycle=720
[   7.200869] INFO  sched: task=sensor_poll prio=3 complete exec_us=685
[   7.202255] INFO  sched: task=telemetry prio=1 dispatch cycle=72
[   7.202515] INFO  sched: task=ctrl_loop prio=2 complete exec_us=2676
[   7.208213] INFO  sched: task=telemetry prio=1 complete exec_us=5958
[   7.209995] INFO  sched: task=sensor_poll prio=3 dispatch cycle=721
[   7.210928] INFO  sched: task=sensor_poll prio=3 complete exec_us=932
[   7.219954] INFO  sched: task=ctrl_loop prio=2 dispatch cycle=361
[   7.220134] INFO  sched: task=sensor_poll prio=3 dispatch cycle=722
[   7.221008] INFO  sched: task=sensor_poll prio=3 complete exec_us=874
[   7.222543] INFO  sched: task=ctrl_loop prio=2 complete exec_us=2589
7225 ms  INFO net: frame seq=289 len=165 crc=OK
[   7.229913] INFO  sched: task=sensor_poll prio=3 dispatch cycle=723
[   7.230701] INFO  sched: task=sensor_poll prio=3 complete exec_us=787
[   7.239679] INFO  sched: task=ctrl_loop prio=2 dispatch cycle=362
[   7.240102] INFO  sched: task=sensor_poll prio=3 dispatch cycle=724
[   7.240948] INFO  sched: task=sensor_poll prio=3 complete exec_us=846
[   7.242119] INFO  sched: task=ctrl_loop prio=2 complete exec_us=2441
[   7.250000] DEBUG wdt: fed count=47
7250 ms  INFO net: frame seq=290 len=80 crc=OK
[   7.250088] INFO  sched: task=sensor_poll prio=3 dispatch cycle=725
[   7.250791] INFO  sched: task=sensor_poll prio=3 complete exec_us=703
[   7.260121] INFO  sched: task=sensor_poll prio=3 dispatch cycle=726
[   7.260402] INFO  sched: task=ctrl_loop prio=2 dispatch cycle=363
[   7.260872] INFO  sched: task=sensor_poll prio=3 complete exec_us=751
[   7.262915] INFO  sched: task=ctrl_loop prio=2 complete exec_us=2513
[   7.270112] INFO  sched: task=sensor_poll prio=3 dispatch cycle=727
[   7.270778] INFO  sched: task=sensor_poll prio=3 complete exec_us=666
7275 ms  INFO net: frame seq=291 len=88 crc=OK
[   7.279409] INFO  sched: task=ctrl_loop prio=2 dispatch cycle=364
[   7.279587] INFO  sched: task=sensor_poll prio=3 dispatch cycle=728
[   7.280424] INFO  sched: task=sensor_poll prio=3 complete exec_us=837
[   7.281672] INFO  sched: task=ctrl_loop prio=2 complete exec_us=2264
[   7.289887] INFO  sched: task=sensor_poll prio=3 dispatch cycle=729
[   7.290785] INFO  sched: task=sensor_poll prio=3 complete exec_us=899
[   7.300000] DEBUG wdt: fed count=48
7300 ms  INFO net: frame seq=292 len=223 crc=OK
[   7.300394] INFO  sched: task=sensor_poll prio=3 dispatch cycle=730
[   7.300578] INFO  sched: task=telemetry prio=1 dispatch cycle=73
[   7.300730] INFO  sched: task=ctrl_loop prio=2 dispatch cycle=365
[   7.301192] INFO  sched: task=sensor_poll prio=3 complete exec_us=799
[   7.302853] INFO  sched: task=ctrl_loop prio=2 complete exec_us=2123
[   7.304911] INFO  sched: task=telemetry prio=1 complete exec_us=4333
[   7.309965] INFO  sched: task=sensor_poll prio=3 dispatch cycle=731
[   7.310727] INFO  sched: task=sensor_poll prio=3 complete exec_us=762
[   7.319678] INFO  sched: task=ctrl_loop prio=2 dispatch cycle=366
[   7.319798] INFO  sched: task=sensor_poll prio=3 dispatch cycle=732
[   7.320565] INFO  sched: task=sensor_poll prio=3 complete exec_us=767
[   7.322056] INFO  sched: task=ctrl_loop prio=2 complete exec_us=2379
7325 ms  INFO net: frame seq=293 len=189 crc=OK
[   7.329955] INFO  sched: task=sensor_poll prio=3 dispatch cycle=733
[   7.330792] INFO  sched: task=sensor_poll prio=3 complete exec_us=837
[   7.339937] INFO  sched: task=sensor_poll prio=3 dispatch cycle=734
[   7.340057] INFO  sched: task=ctrl_loop prio=2 dispatch cycle=367
[   7.340758] INFO  sched: task=sensor_poll prio=3 complete exec_us=821
[   7.342708] INFO  sched: task=ctrl_loop prio=2 complete exec_us=2651
[   7.349700] INFO  sched: task=sensor_poll prio=3 dispatch cycle=735
[   7.350000] DEBUG wdt: fed count=49
7350 ms  INFO net: frame seq=294 len=154 crc=OK
[   7.350494] INFO  sched: task=sensor_poll prio=3 complete exec_us=794
[   7.359633] INFO  sched: task=ctrl_loop prio=2 dispatch cycle=368
[   7.360107] INFO  sched: task=sensor_poll prio=3 dispatch cycle=736
[   7.360950] INFO  sched: task=sensor_poll prio=3 complete exec_us=843
[   7.362208] INFO  sched: task=ctrl_loop prio=2 complete exec_us=2575
[   7.369934] INFO  sched: task=sensor_poll prio=3 dispatch cycle=737
[   7.370865] INFO  sched: task=sensor_poll prio=3 complete exec_us=931
7375 ms  INFO net: frame seq=295 len=137 crc=OK
[   7.380100] INFO  sched: task=sensor_poll prio=3 dispatch cycle=738
[   7.380357] INFO  sched: task=ctrl_loop prio=2 dispatch cycle=369
[   7.380877] INFO  sched: task=sensor_poll prio=3 complete exec_us=777
[   7.382835] INFO  sched: task=ctrl_loop prio=2 complete exec_us=2479
[   7.390078] INFO  sched: task=sensor_poll prio=3 dispatch cycle=739
[   7.390903] INFO  sched: task=sensor_poll prio=3 complete exec_us=825
[   7.399704] INFO  sched: task=ctrl_loop prio=2 dispatch cycle=370
[   7.399836] INFO  sched: task=sensor_poll prio=3 dispatch cycle=740
[   7.400000] DEBUG wdt: fed count=50
7400 ms  INFO net: frame seq=296 len=218 crc=OK
[   7.400362] INFO  sched: task=telemetry prio=1 dispatch cycle=74
[   7.400692] INFO  sched: task=sensor_poll prio=3 complete exec_us=856
[   7.402411] INFO  sched: task=ctrl_loop prio=2 complete exec_us=2707
[   7.405968] INFO  sched: task=telemetry prio=1 complete exec_us=5605
[   7.409935] INFO  sched: task=sensor_poll prio=3 dispatch cycle=741
[   7.410784] INFO  sched: task=sensor_poll prio=3 complete exec_us=849
[   7.420181] INFO  sched: task=sensor_poll prio=3 dispatch cycle=742
[   7.420503] INFO  sched: task=ctrl_loop prio=2 dispatch cycle=371
[   7.421012] INFO  sched: task=sensor_poll prio=3 complete exec_us=830
[   7.422900] INFO  sched: task=ctrl_loop prio=2 complete exec_us=2397
7425 ms  INFO net: frame seq=297 len=95 crc=OK
[   7.429862] INFO  sched: task=sensor_poll prio=3 dispatch cycle=743
[   7.430642] INFO  sched: task=sensor_poll prio=3 complete exec_us=780
[   7.439697] INFO  sched: task=ctrl_loop prio=2 dispatch cycle=372
[   7.440084] INFO  sched: task=sensor_poll prio=3 dispatch cycle=744
>>> raw dump 0xDEADBEEF 0x0000 0xFFFF garbage
[   7.440905] INFO  sched: task=sensor_poll prio=3 complete exec_us=821
[   7.442365] INFO  sched: task=ctrl_loop prio=2 complete exec_us=2668
[   7.449633] INFO  sched: task=sensor_poll prio=3 dispatch cycle=745
[   7.450000] DEBUG wdt: fed count=51
7450 ms  INFO net: frame seq=298 len=126 crc=OK
[   7.450477] INFO  sched: task=sensor_poll prio=3 complete exec_us=844
[   7.459921] INFO  sched: task=sensor_poll prio=3 dispatch cycle=746
[   7.460205] INFO  sched: task=ctrl_loop prio=2 dispatch cycle=373
[   7.460825] INFO  sched: task=sensor_poll prio=3 complete exec_us=905
[   7.462682] INFO  sched: task=ctrl_loop prio=2 complete exec_us=2477
[   7.470293] INFO  sched: task=sensor_poll prio=3 dispatch cycle=747
[   7.471103] INFO  sched: task=sensor_poll prio=3 complete exec_us=810
7475 ms  INFO net: frame seq=299 len=108 crc=OK
[   7.479890] INFO  sched: task=sensor_poll prio=3 dispatch cycle=748
[   7.480033] INFO  sched: task=ctrl_loop prio=2 dispatch cycle=374
[   7.480684] INFO  sched: task=sensor_poll prio=3 complete exec_us=794
[   7.482386] INFO  sched: task=ctrl_loop prio=2 complete exec_us=2353
[   7.490131] INFO  sched: task=sensor_poll prio=3 dispatch cycle=749
[   7.490878] INFO  sched: task=sensor_poll prio=3 complete exec_us=747
[   7.498309] INFO  sched: task=telemetry prio=1 dispatch cycle=75
[   7.499697] INFO  sched: task=ctrl_loop prio=2 dispatch cycle=375
[   7.499778] INFO  sched: task=sensor_poll prio=3 dispatch cycle=750
[   7.500000] DEBUG wdt: fed count=52
7500 ms  INFO net: frame seq=300 len=187 crc=OK
[   7.500513] INFO  sched: task=sensor_poll prio=3 complete exec_us=735
[   7.502361] INFO  sched: task=ctrl_loop prio=2 complete exec_us=2664
[   7.504716] INFO  sched: task=telemetry prio=1 complete exec_us=6407
[   7.510012] INFO  sched: task=sensor_poll prio=3 dispatch cycle=751
[   7.510871] INFO  sched: task=sensor_poll prio=3 complete exec_us=858
[   7.519957] INFO  sched: task=sensor_poll prio=3 dispatch cycle=752
[   7.520040] INFO  sched: task=ctrl_loop prio=2 dispatch cycle=376
[   7.520844] INFO  sched: task=sensor_poll prio=3 complete exec_us=887
[   7.522723] INFO  sched: task=ctrl_loop prio=2 complete exec_us=2684
7525 ms  INFO net: frame seq=301 len=94 crc=OK
[   7.530154] INFO  sched: task=sensor_poll prio=3 dispatch cycle=753
[   7.530922] INFO  sched: task=sensor_poll prio=3 complete exec_us=769
[   7.540092] INFO  sched: task=sensor_poll prio=3 dispatch cycle=754
[   7.540215] INFO  sched: task=ctrl_loop prio=2 dispatch cycle=377
[   7.540906] INFO  sched: task=sensor_poll prio=3 complete exec_us=815
[   7.542927] INFO  sched: task=ctrl_loop prio=2 complete exec_us=2712
[   7.550000] DEBUG wdt: fed count=53
7550 ms  INFO net: frame seq=302 len=74 crc=OK
[   7.550154] INFO  sched: task=sensor_poll prio=3 dispatch cycle=755
[   7.550912] INFO  sched: task=sensor_poll prio=3 complete exec_us=758
[   7.560328] INFO  sched: task=ctrl_loop prio=2 dispatch cycle=378
[   7.560505] INFO  sched: task=sensor_poll prio=3 dispatch cycle=756
[   7.561266] INFO  sched: task=sensor_poll prio=3 complete exec_us=761
[   7.563258] INFO  sched: task=ctrl_loop prio=2 complete exec_us=2930
[   7.570011] INFO  sched: task=sensor_poll prio=3 dispatch cycle=757
[   7.570864] INFO  sched: task=sensor_poll prio=3 complete exec_us=853
7575 ms  INFO net: frame seq=303 len=73 crc=OK
[   7.579642] INFO  sched: task=ctrl_loop prio=2 dispatch cycle=379
[   7.579991] INFO  sched: task=sensor_poll prio=3 dispatch cycle=758
[   7.580846] INFO  sched: task=sensor_poll prio=3 complete exec_us=855
[   7.582311] INFO  sched: task=ctrl_loop prio=2 complete exec_us=2668
>>> raw dump 0xDEADBEEF 0x0000 0xFFFF garbage
[   7.590018] INFO  sched: task=sensor_poll prio=3 dispatch cycle=759
[   7.590918] INFO  sched: task=sensor_poll prio=3 complete exec_us=900
[   7.599787] INFO  sched: task=sensor_poll prio=3 dispatch cycle=760
[   7.600000] DEBUG wdt: fed count=54
7600 ms  INFO net: frame seq=304 len=224 crc=OK
[   7.600477] INFO  sched: task=ctrl_loop prio=2 dispatch cycle=380
[   7.600610] INFO  sched: task=sensor_poll prio=3 complete exec_us=823
[   7.601809] INFO  sched: task=telemetry prio=1 dispatch cycle=76
[   7.603005] INFO  sched: task=ctrl_loop prio=2 complete exec_us=2529
[   7.608142] INFO  sched: task=telemetry prio=1 complete exec_us=6333
[   7.609983] INFO  sched: task=sensor_poll prio=3 dispatch cycle=761
[   7.610771] INFO  sched: task=sensor_poll prio=3 complete exec_us=788
[   7.619822] INFO  sched: task=sensor_poll prio=3 dispatch cycle=762
[   7.620388] INFO  sched: task=ctrl_loop prio=2 dispatch cycle=381
[   7.620635] INFO  sched: task=sensor_poll prio=3 complete exec_us=813
[   7.622992] INFO  sched: task=ctrl_loop prio=2 complete exec_us=2604
7625 ms  INFO net: frame seq=305 len=179 crc=OK
[   7.630008] INFO  sched: task=sensor_poll prio=3 dispatch cycle=763
[   7.630752] INFO  sched: task=sensor_poll prio=3 complete exec_us=744
[   7.639801] INFO  sched: task=sensor_poll prio=3 dispatch cycle=764
[   7.640530] INFO  sched: task=ctrl_loop prio=2 dispatch cycle=382
[   7.640626] INFO  sched: task=sensor_poll prio=3 complete exec_us=825
[   7.643048] INFO  sched: task=ctrl_loop prio=2 complete exec_us=2518
[   7.650000] DEBUG wdt: fed count=55
7650 ms  INFO net: frame seq=306 len=96 crc=OK
[   7.650214] INFO  sched: task=sensor_poll prio=3 dispatch cycle=765
[   7.651060] INFO  sched: task=sensor_poll prio=3 complete exec_us=845
[   7.660018] INFO  sched: task=sensor_poll prio=3 dispatch cycle=766
[   7.660020] INFO  sched: task=ctrl_loop prio=2 dispatch cycle=383
[   7.660745] INFO  sched: task=sensor_poll prio=3 complete exec_us=727
[   7.662148] INFO  sched: task=ctrl_loop prio=2 complete exec_us=2128
[   7.670100] INFO  sched: task=sensor_poll prio=3 dispatch cycle=767
[   7.670842] INFO  sched: task=sensor_poll prio=3 complete exec_us=742
7675 ms  INFO net: frame seq=307 len=37 crc=OK
[   7.679988] INFO  sched: task=sensor_poll prio=3 dispatch cycle=768
[   7.680033] INFO  sched: task=ctrl_loop prio=2 dispatch cycle=384
[   7.680807] INFO  sched: task=sensor_poll prio=3 complete exec_us=819
[   7.682449] INFO  sched: task=ctrl_loop prio=2 complete exec_us=2416
[   7.690399] INFO  sched: task=sensor_poll prio=3 dispatch cycle=769
[   7.691122] INFO  sched: task=sensor_poll prio=3 complete exec_us=723
[   7.696406] INFO  sched: task=telemetry prio=1 dispatch cycle=77
[   7.699685] INFO  sched: task=ctrl_loop prio=2 dispatch cycle=385
[   7.700000] DEBUG wdt: fed count=56
7700 ms  INFO net: frame seq=308 len=142 crc=OK
[   7.700084] INFO  sched: task=sensor_poll prio=3 dispatch cycle=770
[   7.700121] INFO  sched: task=telemetry prio=1 complete exec_us=3715
[   7.700920] INFO  sched: task=sensor_poll prio=3 complete exec_us=837
[   7.702123] INFO  sched: task=ctrl_loop prio=2 complete exec_us=2438
[   7.709801] INFO  sched: task=sensor_poll prio=3 dispatch cycle=771
[   7.710663] INFO  sched: task=sensor_poll prio=3 complete exec_us=861
[   7.719587] INFO  sched: task=ctrl_loop prio=2 dispatch cycle=386
[   7.719790] INFO  sched: task=sensor_poll prio=3 dispatch cycle=772
[   7.720594] INFO  sched: task=sensor_poll prio=3 complete exec_us=804
[   7.722123] INFO  sched: task=ctrl_loop prio=2 complete exec_us=2536
7725 ms  INFO net: frame seq=309 len=46 crc=OK
[   7.730093] INFO  sched: task=sensor_poll prio=3 dispatch cycle=773
[   7.730839] INFO  sched: task=sensor_poll prio=3 complete exec_us=747
[   7.739970] INFO  sched: task=sensor_poll prio=3 dispatch cycle=774
[   7.740277] INFO  sched: task=ctrl_loop prio=2 dispatch cycle=387
[   7.740835] INFO  sched: task=sensor_poll prio=3 complete exec_us=865
[   7.742735] INFO  sched: task=ctrl_loop prio=2 complete exec_us=2458
[   7.750000] DEBUG wdt: fed count=57
7750 ms  INFO net: frame seq=310 len=124 crc=OK
[   7.750227] INFO  sched: task=sensor_poll prio=3 dispatch cycle=775
[   7.751051] INFO  sched: task=sensor_poll prio=3 complete exec_us=823
[   7.760061] INFO  sched: task=sensor_poll prio=3 dispatch cycle=776
[   7.760375] INFO  sched: task=ctrl_loop prio=2 dispatch cycle=388
[   7.760903] INFO  sched: task=sensor_poll prio=3 complete exec_us=841
[   7.763117] INFO  sched: task=ctrl_loop prio=2 complete exec_us=2742
[   7.769924] INFO  sched: task=sensor_poll prio=3 dispatch cycle=777
[   7.770755] INFO  sched: task=sensor_poll prio=3 complete exec_us=832
7775 ms  INFO net: frame seq=311 len=74 crc=OK
[   7.779642] INFO  sched: task=ctrl_loop prio=2 dispatch cycle=389
[   7.779800] INFO  sched: task=sensor_poll prio=3 dispatch cycle=778
[   7.780592] INFO  sched: task=sensor_poll prio=3 complete exec_us=792
[   7.782282] INFO  sched: task=ctrl_loop prio=2 complete exec_us=2641
[   7.789938] INFO  sched: task=sensor_poll prio=3 dispatch cycle=779
[   7.790776] INFO  sched: task=sensor_poll prio=3 complete exec_us=838
[   7.799930] INFO  sched: task=sensor_poll prio=3 dispatch cycle=780
[   7.800000] DEBUG wdt: fed count=58
7800 ms  INFO net: frame seq=312 len=125 crc=OK
[   7.800055] INFO  sched: task=telemetry prio=1 dispatch cycle=78
[   7.800077] INFO  sched: task=ctrl_loop prio=2 dispatch cycle=390
[   7.800715] INFO  sched: task=sensor_poll prio=3 complete exec_us=785
[   7.802779] INFO  sched: task=ctrl_loop prio=2 complete exec_us=2702
[   7.804995] INFO  sched: task=telemetry prio=1 complete exec_us=4940
[   7.809804] INFO  sched: task=sensor_poll prio=3 dispatch cycle=781
[   7.810759] INFO  sched: task=sensor_poll prio=3 complete exec_us=956
[   7.820210] INFO  sched: task=sensor_poll prio=3 dispatch cycle=782
[   7.820345] INFO  sched: task=ctrl_loop prio=2 dispatch cycle=391
[   7.821078] INFO  sched: task=sensor_poll prio=3 complete exec_us=868
[   7.822592] INFO  sched: task=ctrl_loop prio=2 complete exec_us=2247
7825 ms  INFO net: frame seq=313 len=43 crc=OK
[   7.830313] INFO  sched: task=sensor_poll prio=3 dispatch cycle=783
[   7.831191] INFO  sched: task=sensor_poll prio=3 complete exec_us=879
[   7.839919] INFO  sched: task=ctrl_loop prio=2 dispatch cycle=392
[   7.840065] INFO  sched: task=sensor_poll prio=3 dispatch cycle=784
[   7.840782] INFO  sched: task=sensor_poll prio=3 complete exec_us=717
[   7.842307] INFO  sched: task=ctrl_loop prio=2 complete exec_us=2388
[   7.849718] INFO  sched: task=sensor_poll prio=3 dispatch cycle=785
[   7.850000] DEBUG wdt: fed count=59
7850 ms  INFO net: frame seq=314 len=187 crc=OK
[   7.850487] INFO  sched: task=sensor_poll prio=3 complete exec_us=769
[   7.860249] INFO  sched: task=sensor_poll prio=3 dispatch cycle=786
[   7.860728] INFO  sched: task=ctrl_loop prio=2 dispatch cycle=393
[   7.860958] INFO  sched: task=sensor_poll prio=3 complete exec_us=709
[   7.863427] INFO  sched: task=ctrl_loop prio=2 complete exec_us=2699
[   7.870066] INFO  sched: task=sensor_poll prio=3 dispatch cycle=787
[   7.870939] INFO  sched: task=sensor_poll prio=3 complete exec_us=873
7875 ms  INFO net: frame seq=315 len=108 crc=OK
[   7.879760] INFO  sched: task=sensor_poll prio=3 dispatch cycle=788
[   7.880349] INFO  sched: task=ctrl_loop prio=2 dispatch cycle=394
[   7.880655] INFO  sched: task=sensor_poll prio=3 complete exec_us=895
[   7.882820] INFO  sched: task=ctrl_loop prio=2 complete exec_us=2471
[   7.889904] INFO  sched: task=sensor_poll prio=3 dispatch cycle=789
[   7.890636] INFO  sched: task=sensor_poll prio=3 complete exec_us=731
[   7.899540] INFO  sched: task=ctrl_loop prio=2 dispatch cycle=395
[   7.900000] DEBUG wdt: fed count=60
7900 ms  INFO net: frame seq=316 len=81 crc=OK
[   7.900123] INFO  sched: task=sensor_poll prio=3 dispatch cycle=790
[   7.900391] INFO  sched: task=telemetry prio=1 dispatch cycle=79
[   7.901025] INFO  sched: task=sensor_poll prio=3 complete exec_us=903
[   7.901728] INFO  sched: task=ctrl_loop prio=2 complete exec_us=2188
[   7.905483] INFO  sched: task=telemetry prio=1 complete exec_us=5092
[   7.910230] INFO  sched: task=sensor_poll prio=3 dispatch cycle=791
[   7.910982] INFO  sched: task=sensor_poll prio=3 complete exec_us=752
[   7.919627] INFO  sched: task=ctrl_loop prio=2 dispatch cycle=396
[   7.920099] INFO  sched: task=sensor_poll prio=3 dispatch cycle=792
[   7.920974] INFO  sched: task=sensor_poll prio=3 complete exec_us=876
[   7.922147] INFO  sched: task=ctrl_loop prio=2 complete exec_us=2520
7925 ms  INFO net: frame seq=317 len=211 crc=OK
[   7.929970] INFO  sched: task=sensor_poll prio=3 dispatch cycle=793
[   7.930744] INFO  sched: task=sensor_poll prio=3 complete exec_us=774
[   7.939806] INFO  sched: task=sensor_poll prio=3 dispatch cycle=794
[   7.940634] INFO  sched: task=sensor_poll prio=3 complete exec_us=828
[   7.940721] INFO  sched: task=ctrl_loop prio=2 dispatch cycle=397
[   7.942980] INFO  sched: task=ctrl_loop prio=2 complete exec_us=2259
[   7.949830] INFO  sched: task=sensor_poll prio=3 dispatch cycle=795
[   7.950000] DEBUG wdt: fed count=61
7950 ms  INFO net: frame seq=318 len=77 crc=OK
[   7.950589] INFO  sched: task=sensor_poll prio=3 complete exec_us=760
[   7.959951] INFO  sched: task=sensor_poll prio=3 dispatch cycle=796
[   7.960519] INFO  sched: task=ctrl_loop prio=2 dispatch cycle=398
[   7.960754] INFO  sched: task=sensor_poll prio=3 complete exec_us=803
[   7.963329] INFO  sched: task=ctrl_loop prio=2 complete exec_us=2810
[   7.970046] INFO  sched: task=sensor_poll prio=3 dispatch cycle=797
[   7.970819] INFO  sched: task=sensor_poll prio=3 complete exec_us=773
7975 ms  INFO net: frame seq=319 len=101 crc=OK
[   7.979992] INFO  sched: task=ctrl_loop prio=2 dispatch cycle=399
[   7.980112] INFO  sched: task=sensor_poll prio=3 dispatch cycle=798
[   7.980865] INFO  sched: task=sensor_poll prio=3 complete exec_us=753
[   7.982285] INFO  sched: task=ctrl_loop prio=2 complete exec_us=2292
[   7.989729] INFO  sched: task=sensor_poll prio=3 dispatch cycle=799
[   7.990479] INFO  sched: task=sensor_poll prio=3 complete exec_us=750
[   7.999995] INFO  sched: task=ctrl_loop prio=2 dispatch cycle=400
[   8.000000] DEBUG wdt: fed count=62
[   8.000001] INFO  sched: task=sensor_poll prio=3 dispatch cycle=800
[   8.000799] INFO  sched: task=sensor_poll prio=3 complete exec_us=798
[   8.001637] INFO  sched: task=telemetry prio=1 dispatch cycle=80
[   8.002401] INFO  sched: task=ctrl_loop prio=2 complete exec_us=2405
[   8.008656] INFO  sched: task=telemetry prio=1 complete exec_us=7019
